-- MySQL dump 10.13  Distrib 8.0.21, for Win64 (x86_64)
--
-- Host: localhost    Database: chat_application
-- ------------------------------------------------------
-- Server version	8.0.21

/*!40101 SET @OLD_CHARACTER_SET_CLIENT=@@CHARACTER_SET_CLIENT */;
/*!40101 SET @OLD_CHARACTER_SET_RESULTS=@@CHARACTER_SET_RESULTS */;
/*!40101 SET @OLD_COLLATION_CONNECTION=@@COLLATION_CONNECTION */;
/*!50503 SET NAMES utf8 */;
/*!40103 SET @OLD_TIME_ZONE=@@TIME_ZONE */;
/*!40103 SET TIME_ZONE='+00:00' */;
/*!40014 SET @OLD_UNIQUE_CHECKS=@@UNIQUE_CHECKS, UNIQUE_CHECKS=0 */;
/*!40014 SET @OLD_FOREIGN_KEY_CHECKS=@@FOREIGN_KEY_CHECKS, FOREIGN_KEY_CHECKS=0 */;
/*!40101 SET @OLD_SQL_MODE=@@SQL_MODE, SQL_MODE='NO_AUTO_VALUE_ON_ZERO' */;
/*!40111 SET @OLD_SQL_NOTES=@@SQL_NOTES, SQL_NOTES=0 */;

--
-- Table structure for table `account`
--

DROP TABLE IF EXISTS `account`;
/*!40101 SET @saved_cs_client     = @@character_set_client */;
/*!50503 SET character_set_client = utf8mb4 */;
CREATE TABLE `account` (
  `username` varchar(25) COLLATE utf8_unicode_ci NOT NULL,
  `created_by` varchar(25) COLLATE utf8_unicode_ci NOT NULL,
  `created_date` datetime NOT NULL,
  `last_login` datetime DEFAULT NULL,
  `password` varchar(255) COLLATE utf8_unicode_ci NOT NULL,
  `role` int DEFAULT NULL,
  `status` int DEFAULT '1',
  `updated_by` varchar(25) COLLATE utf8_unicode_ci NOT NULL,
  `updated_date` datetime NOT NULL,
  `chat_status_id` int DEFAULT NULL,
  `last_logout` datetime DEFAULT NULL,
  `is_online` bit(1) NOT NULL,
  PRIMARY KEY (`username`),
  KEY `FKtqf2xi6qsxca7rwvdk5d53gds` (`chat_status_id`),
  CONSTRAINT `FKtqf2xi6qsxca7rwvdk5d53gds` FOREIGN KEY (`chat_status_id`) REFERENCES `chat_status` (`id`)
) ENGINE=InnoDB DEFAULT CHARSET=utf8 COLLATE=utf8_unicode_ci;
/*!40101 SET character_set_client = @saved_cs_client */;

--
-- Dumping data for table `account`
--

LOCK TABLES `account` WRITE;
/*!40000 ALTER TABLE `account` DISABLE KEYS */;
INSERT INTO `account` VALUES ('emp001','admin','2020-07-23 18:03:19','2020-09-09 21:52:25','$2a$10$wOiwJGUUG8zKEE1zsn/UzOVS6mjDw9oNrGrEdc7TKzJjf1W4miFSC',2,1,'admin','2020-09-10 00:21:41',NULL,'2020-09-10 00:21:41',_binary '\0'),('emp002','admin','2020-07-23 18:03:19','2020-09-10 00:27:53','$2a$10$30gkJm5cuND1A4jR9rr2SORHFtkr1vUN0GDye5tKIKkXHprereBZW',1,1,'admin','2020-09-10 01:18:44',NULL,'2020-09-10 01:18:44',_binary '\0'),('emp003','admin','2020-07-23 18:03:19','2020-08-26 11:34:52','$2a$10$8fpzMiBjW6pmC13as0IMt.3x6Og2VgTAftPhAm76sc1aQi/8V38.q',1,1,'admin','2020-08-26 11:34:52',NULL,NULL,_binary '\0');
/*!40000 ALTER TABLE `account` ENABLE KEYS */;
UNLOCK TABLES;

--
-- Table structure for table `attachment`
--

DROP TABLE IF EXISTS `attachment`;
/*!40101 SET @saved_cs_client     = @@character_set_client */;
/*!50503 SET character_set_client = utf8mb4 */;
CREATE TABLE `attachment` (
  `id` bigint NOT NULL AUTO_INCREMENT,
  `created_by` varchar(25) COLLATE utf8_unicode_ci NOT NULL,
  `created_date` datetime NOT NULL,
  `path_attachment` varchar(255) COLLATE utf8_unicode_ci DEFAULT NULL,
  `updated_by` varchar(25) COLLATE utf8_unicode_ci NOT NULL,
  `updated_date` datetime NOT NULL,
  `file_name` varchar(255) COLLATE utf8_unicode_ci DEFAULT NULL,
  `size` bigint NOT NULL,
  `message_id` bigint DEFAULT NULL,
  `room_id` bigint DEFAULT NULL,
  PRIMARY KEY (`id`),
  KEY `FKoo11928qbsiolkc10dph1p214` (`message_id`),
  KEY `FK3thjl80334xwwivntuu4pphg9` (`room_id`),
  CONSTRAINT `FK3thjl80334xwwivntuu4pphg9` FOREIGN KEY (`room_id`) REFERENCES `chat_room` (`id`),
  CONSTRAINT `FKoo11928qbsiolkc10dph1p214` FOREIGN KEY (`message_id`) REFERENCES `message` (`id`)
) ENGINE=InnoDB AUTO_INCREMENT=52 DEFAULT CHARSET=utf8 COLLATE=utf8_unicode_ci;
/*!40101 SET character_set_client = @saved_cs_client */;

--
-- Dumping data for table `attachment`
--

LOCK TABLES `attachment` WRITE;
/*!40000 ALTER TABLE `attachment` DISABLE KEYS */;
INSERT INTO `attachment` VALUES (1,'admin','2020-08-25 00:00:00','images\\avatars\\8.jpg','admin','2020-08-25 00:00:00','8.jpg',4,NULL,NULL),(2,'admin','2020-08-25 00:00:00','images\\avatars\\9.jpg','admin','2020-08-25 00:00:00','9.txt',6,NULL,NULL),(3,'admin','2020-08-25 00:00:00','images\\avatars\\7.jpg','admin','2020-08-25 00:00:00','7.jpg',523,NULL,NULL),(4,'emp001','2020-08-28 16:46:26','emp001\\2020_08_28\\1','emp001','2020-08-28 16:46:26','Class-Diagram.png',30721,NULL,NULL),(5,'emp001','2020-08-28 16:46:26','emp001\\2020_08_28\\1','emp001','2020-08-28 16:46:26','FEE.M.L401_LuanNT19 (1).zip',34637,NULL,NULL),(6,'emp001','2020-08-28 16:47:23','emp001\\2020_08_28\\3','emp001','2020-08-28 16:47:23','FEE.M.L401_LuanNT19 (1).zip',34637,NULL,NULL),(7,'emp001','2020-08-28 16:47:23','emp001\\2020_08_28\\3','emp001','2020-08-28 16:47:23','FEE.M.L401_LuanNT19.zip',34637,NULL,NULL),(8,'emp001','2020-08-28 16:47:23','emp001\\2020_08_28\\3','emp001','2020-08-28 16:47:23','FEE.P.A101.zip',28033,NULL,NULL),(9,'emp001','2020-08-28 16:50:27','emp001\\2020_08_28\\6','emp001','2020-08-28 16:50:27','FEE.M.L401_LuanNT19 (1).zip',34637,NULL,NULL),(10,'emp001','2020-08-28 16:50:27','emp001\\2020_08_28\\6','emp001','2020-08-28 16:50:27','FEE.M.L401_LuanNT19.zip',34637,NULL,NULL),(11,'emp001','2020-08-28 16:53:08','emp001\\2020_08_28\\8','emp001','2020-08-28 16:53:08','Class-Diagram.png',30721,NULL,NULL),(12,'emp001','2020-08-28 16:55:23','emp001\\2020_08_28\\9','emp001','2020-08-28 16:55:23','FEE.M.L401_LuanNT19 (1).zip',34637,NULL,NULL),(13,'emp001','2020-08-28 16:55:23','emp001\\2020_08_28\\9','emp001','2020-08-28 16:55:23','FEE.M.L401_LuanNT19.zip',34637,NULL,NULL),(14,'emp001','2020-08-28 16:55:51','emp001\\2020_08_28\\11','emp001','2020-08-28 16:55:51','FEE.M.L401_LuanNT19 (1).zip',34637,NULL,NULL),(15,'emp001','2020-08-28 16:55:51','emp001\\2020_08_28\\11','emp001','2020-08-28 16:55:51','FEE.M.L401_LuanNT19.zip',34637,NULL,NULL),(16,'emp001','2020-08-28 16:55:51','emp001\\2020_08_28\\11','emp001','2020-08-28 16:55:51','FEE.M.L401_LuanNT19 (1).zip',34637,NULL,NULL),(17,'emp001','2020-08-28 16:55:51','emp001\\2020_08_28\\11','emp001','2020-08-28 16:55:51','FEE.M.L401_LuanNT19.zip',34637,NULL,NULL),(18,'emp001','2020-08-28 16:55:51','emp001\\2020_08_28\\11','emp001','2020-08-28 16:55:51','FEE.P.A101.zip',28033,NULL,NULL),(19,'emp001','2020-08-28 16:55:51','emp001\\2020_08_28\\11','emp001','2020-08-28 16:55:51','fpt-vector-logo-4502588CD9-seeklogo.com.zip',7010,NULL,NULL),(20,'emp001','2020-08-28 16:55:51','emp001\\2020_08_28\\11','emp001','2020-08-28 16:55:51','FT_Assignment1-master.zip',308465,NULL,NULL),(21,'emp001','2020-08-28 16:55:51','emp001\\2020_08_28\\11','emp001','2020-08-28 16:55:51','JPL.L.A101_LuanNT19.zip',48387,NULL,NULL),(22,'emp001','2020-08-28 17:03:05','emp001\\2020_08_28\\19','emp001','2020-08-28 17:03:05','FEE.P.A101.zip',28033,NULL,NULL),(23,'emp001','2020-08-28 17:44:06','emp001\\2020_08_28\\20','emp001','2020-08-28 17:44:06','FEE.M.L401_LuanNT19 (1).zip',34637,NULL,NULL),(24,'emp001','2020-08-28 17:52:15','emp001\\2020_08_28\\21','emp001','2020-08-28 17:52:15','FEE.M.L401_LuanNT19 (1).zip',34637,NULL,NULL),(25,'emp001','2020-08-28 17:55:01','emp001\\2020_08_28\\22','emp001','2020-08-28 17:55:01','Class-Diagram.png',30721,NULL,NULL),(26,'emp001','2020-08-28 17:58:03','emp001\\2020_08_28\\23','emp001','2020-08-28 17:58:03','Class-Diagram.png',30721,NULL,NULL),(27,'emp001','2020-08-28 18:00:38','emp001\\2020_08_28\\24','emp001','2020-08-28 18:00:38','Class-Diagram.png',30721,NULL,NULL),(28,'emp001','2020-08-28 18:04:26','emp001\\2020_08_28\\25','emp001','2020-08-28 18:04:26','Class-Diagram.png',30721,NULL,NULL),(29,'emp001','2020-08-28 18:05:02','emp001\\2020_08_28\\26','emp001','2020-08-28 18:05:02','Class-Diagram.png',30721,NULL,NULL),(30,'emp001','2020-08-28 18:06:37','emp001\\2020_08_28\\27','emp001','2020-08-28 18:06:37','Class-Diagram.png',30721,NULL,NULL),(31,'emp001','2020-08-28 18:07:03','emp001\\2020_08_28\\28','emp001','2020-08-28 18:07:03','Class-Diagram.png',30721,NULL,NULL),(32,'emp001','2020-08-28 18:09:54','emp001\\2020_08_28\\29','emp001','2020-08-28 18:09:54','FEE.M.L401_LuanNT19 (1).zip',34637,NULL,NULL),(33,'emp001','2020-08-28 18:09:56','emp001\\2020_08_28\\30','emp001','2020-08-28 18:09:56','FEE.M.L401_LuanNT19 (1).zip',34637,NULL,NULL),(34,'emp001','2020-08-28 18:12:40','emp001\\2020_08_28\\31','emp001','2020-08-28 18:12:40','Class-Diagram.png',30721,NULL,NULL),(35,'emp001','2020-08-28 18:13:22','emp001\\2020_08_28\\32','emp001','2020-08-28 18:13:22','Class-Diagram.png',30721,NULL,NULL),(36,'emp001','2020-08-28 18:18:58','emp001\\2020_08_28\\33','emp001','2020-08-28 18:18:58','Class-Diagram.png',30721,NULL,NULL),(37,'emp001','2020-08-28 18:20:38','emp001\\2020_08_28\\34','emp001','2020-08-28 18:20:38','Class-Diagram.png',30721,NULL,NULL),(38,'emp001','2020-08-28 18:20:59','emp001\\2020_08_28\\35','emp001','2020-08-28 18:20:59','FEE.P.A101.zip',28033,NULL,NULL),(39,'emp001','2020-08-28 18:21:23','emp001\\2020_08_28\\36','emp001','2020-08-28 18:21:23','FEE.M.L401_LuanNT19.zip',34637,NULL,NULL),(40,'emp001','2020-08-28 18:22:36','emp001\\2020_08_28\\37','emp001','2020-08-28 18:22:36','FEE.M.L401_LuanNT19 (1).zip',34637,NULL,NULL),(41,'emp001','2020-08-28 18:24:07','emp001\\2020_08_28\\38','emp001','2020-08-28 18:24:07','FEE.M.L401_LuanNT19.zip',34637,NULL,NULL),(42,'emp001','2020-08-28 18:26:07','emp001\\2020_08_28\\39','emp001','2020-08-28 18:26:07','Class-Diagram.png',30721,NULL,NULL),(43,'emp001','2020-08-28 18:26:50','emp001\\2020_08_28\\40','emp001','2020-08-28 18:26:50','FEE.M.L401_LuanNT19 (1).zip',34637,NULL,NULL),(44,'emp001','2020-08-28 18:29:11','emp001\\2020_08_28\\41\\Class-Diagram.png','emp001','2020-08-28 18:29:11','Class-Diagram.png',30721,NULL,NULL),(48,'emp001','2020-08-30 05:54:33','emp001\\2020_08_30\\1\\Class-Diagram.png','emp001','2020-08-30 05:54:33','Class-Diagram.png',30721,137,NULL),(49,'emp001','2020-08-30 05:54:33','emp001\\2020_08_30\\1\\FEE.M.L401_LuanNT19 (1).zip','emp001','2020-08-30 05:54:33','FEE.M.L401_LuanNT19 (1).zip',34637,137,NULL),(50,'emp001','2020-09-08 21:26:05','emp001\\attach_file_message\\2020_09_08\\1\\RomanianCoderExamples-master.zip','emp001','2020-09-08 21:26:05','RomanianCoderExamples-master.zip',16708179,149,NULL),(51,'emp001','2020-09-08 21:26:05','emp001\\attach_file_message\\2020_09_08\\1\\source chat html.7z','emp001','2020-09-08 21:26:05','source chat html.7z',3438107,149,NULL);
/*!40000 ALTER TABLE `attachment` ENABLE KEYS */;
UNLOCK TABLES;

--
-- Table structure for table `capture_screen`
--

DROP TABLE IF EXISTS `capture_screen`;
/*!40101 SET @saved_cs_client     = @@character_set_client */;
/*!50503 SET character_set_client = utf8mb4 */;
CREATE TABLE `capture_screen` (
  `id` bigint NOT NULL AUTO_INCREMENT,
  `created_by` varchar(25) COLLATE utf8_unicode_ci NOT NULL,
  `created_date` datetime NOT NULL,
  `path` varchar(255) COLLATE utf8_unicode_ci DEFAULT NULL,
  `updated_by` varchar(25) COLLATE utf8_unicode_ci NOT NULL,
  `updated_date` datetime NOT NULL,
  `username` varchar(25) COLLATE utf8_unicode_ci DEFAULT NULL,
  PRIMARY KEY (`id`),
  KEY `FKithu0gb0ju53ets4mbyp8u9bd` (`username`),
  CONSTRAINT `FKithu0gb0ju53ets4mbyp8u9bd` FOREIGN KEY (`username`) REFERENCES `account` (`username`)
) ENGINE=InnoDB AUTO_INCREMENT=612 DEFAULT CHARSET=utf8 COLLATE=utf8_unicode_ci;
/*!40101 SET character_set_client = @saved_cs_client */;

--
-- Dumping data for table `capture_screen`
--

LOCK TABLES `capture_screen` WRITE;
/*!40000 ALTER TABLE `capture_screen` DISABLE KEYS */;
INSERT INTO `capture_screen` VALUES (1,'emp002','2020-08-31 18:49:49','D:\\ChatApplication\\emp002\\2020_08_31/18_49_48.png','emp002','2020-08-31 18:49:49','emp002'),(2,'emp002','2020-08-31 18:50:44','D:\\ChatApplication\\emp002\\2020_08_31/18_50_44.png','emp002','2020-08-31 18:50:44','emp002'),(3,'emp002','2020-08-31 18:51:09','D:\\ChatApplication\\emp002\\2020_08_31/18_51_09.png','emp002','2020-08-31 18:51:09','emp002'),(4,'emp002','2020-08-31 18:51:38','D:\\ChatApplication\\emp002\\2020_08_31/18_51_38.png','emp002','2020-08-31 18:51:38','emp002'),(5,'emp002','2020-08-31 18:51:46','D:\\ChatApplication\\emp002\\2020_08_31/18_51_45.png','emp002','2020-08-31 18:51:46','emp002'),(6,'emp002','2020-08-31 18:52:43','D:\\ChatApplication\\emp002\\2020_08_31/18_52_43.png','emp002','2020-08-31 18:52:43','emp002'),(7,'emp002','2020-08-31 18:52:46','D:\\ChatApplication\\emp002\\2020_08_31/18_52_45.png','emp002','2020-08-31 18:52:46','emp002'),(8,'emp002','2020-08-31 18:53:16','D:\\ChatApplication\\emp002\\2020_08_31/18_53_15.png','emp002','2020-08-31 18:53:16','emp002'),(9,'emp002','2020-08-31 18:54:23','D:\\ChatApplication\\emp002\\2020_08_31/18_54_23.png','emp002','2020-08-31 18:54:23','emp002'),(10,'emp002','2020-08-31 18:54:47','D:\\ChatApplication\\emp002\\2020_08_31/18_54_47.png','emp002','2020-08-31 18:54:47','emp002'),(11,'emp002','2020-08-31 18:54:52','D:\\ChatApplication\\emp002\\2020_08_31/18_54_52.png','emp002','2020-08-31 18:54:52','emp002'),(12,'emp002','2020-08-31 18:55:35','D:\\ChatApplication\\emp002\\2020_08_31/18_55_34.png','emp002','2020-08-31 18:55:35','emp002'),(13,'emp002','2020-08-31 18:55:46','D:\\ChatApplication\\emp002\\2020_08_31/18_55_46.png','emp002','2020-08-31 18:55:46','emp002'),(14,'emp002','2020-08-31 18:56:38','D:\\ChatApplication\\emp002\\2020_08_31/18_56_38.png','emp002','2020-08-31 18:56:38','emp002'),(15,'emp002','2020-08-31 18:57:10','D:\\ChatApplication\\emp002\\2020_08_31/18_57_10.png','emp002','2020-08-31 18:57:10','emp002'),(16,'emp002','2020-08-31 18:57:16','D:\\ChatApplication\\emp002\\2020_08_31/18_57_16.png','emp002','2020-08-31 18:57:16','emp002'),(17,'emp002','2020-09-01 15:47:10','D:\\ChatApplication\\emp002\\2020_09_01/15_47_09.png','emp002','2020-09-01 15:47:10','emp002'),(18,'emp002','2020-09-01 15:47:40','D:\\ChatApplication\\emp002\\2020_09_01/15_47_40.png','emp002','2020-09-01 15:47:40','emp002'),(19,'emp002','2020-09-01 15:48:11','D:\\ChatApplication\\emp002\\2020_09_01/15_48_10.png','emp002','2020-09-01 15:48:11','emp002'),(20,'emp002','2020-09-01 15:49:16','D:\\ChatApplication\\emp002\\2020_09_01/15_49_15.png','emp002','2020-09-01 15:49:16','emp002'),(21,'emp002','2020-09-01 15:49:43','D:\\ChatApplication\\emp002\\2020_09_01/15_49_42.png','emp002','2020-09-01 15:49:43','emp002'),(22,'emp002','2020-09-01 15:50:35','D:\\ChatApplication\\emp002\\2020_09_01/15_50_26.png','emp002','2020-09-01 15:50:35','emp002'),(23,'emp002','2020-09-01 15:51:41','D:\\ChatApplication\\emp002\\2020_09_01/15_51_40.png','emp002','2020-09-01 15:51:41','emp002'),(24,'emp002','2020-09-01 15:52:07','D:\\ChatApplication\\emp002\\2020_09_01/15_52_06.png','emp002','2020-09-01 15:52:07','emp002'),(25,'emp002','2020-09-01 15:52:23','D:\\ChatApplication\\emp002\\2020_09_01/15_52_22.png','emp002','2020-09-01 15:52:23','emp002'),(26,'emp002','2020-09-01 15:53:11','D:\\ChatApplication\\emp002\\2020_09_01/15_53_11.png','emp002','2020-09-01 15:53:11','emp002'),(27,'emp002','2020-09-02 01:01:42','D:\\ChatApplication\\desktop_capture\\emp002\\2020_09_02/01_01_41.png','emp002','2020-09-02 01:01:42','emp002'),(28,'emp002','2020-09-02 01:06:37','D:\\ChatApplication\\desktop_capture\\emp002\\2020_09_02/01_06_36.png','emp002','2020-09-02 01:06:37','emp002'),(29,'emp002','2020-09-02 01:06:37','D:\\ChatApplication\\desktop_capture\\emp002\\2020_09_02/01_06_36.png','emp002','2020-09-02 01:06:37','emp002'),(30,'emp002','2020-09-02 01:07:05','D:\\ChatApplication\\desktop_capture\\emp002\\2020_09_02/01_07_05.png','emp002','2020-09-02 01:07:05','emp002'),(31,'emp002','2020-09-02 01:07:35','D:\\ChatApplication\\desktop_capture\\emp002\\2020_09_02/01_07_35.png','emp002','2020-09-02 01:07:35','emp002'),(32,'emp002','2020-09-02 01:18:35','D:\\ChatApplication\\desktop_capture\\emp002\\2020_09_02/01_18_34.png','emp002','2020-09-02 01:18:35','emp002'),(33,'emp002','2020-09-02 01:18:50','D:\\ChatApplication\\desktop_capture\\emp002\\2020_09_02/01_18_49.png','emp002','2020-09-02 01:18:50','emp002'),(34,'emp002','2020-09-02 01:19:19','D:\\ChatApplication\\desktop_capture\\emp002\\2020_09_02/01_19_18.png','emp002','2020-09-02 01:19:19','emp002'),(35,'emp002','2020-09-02 02:19:36','D:\\ChatApplication\\desktop_capture\\emp002\\2020_09_02/02_19_35.png','emp002','2020-09-02 02:19:36','emp002'),(36,'emp002','2020-09-02 02:19:50','D:\\ChatApplication\\desktop_capture\\emp002\\2020_09_02/02_19_49.png','emp002','2020-09-02 02:19:50','emp002'),(37,'emp002','2020-09-02 02:34:29','D:\\ChatApplication\\desktop_capture\\emp002\\2020_09_02/02_34_28.png','emp002','2020-09-02 02:34:29','emp002'),(38,'emp002','2020-09-02 03:26:44','D:\\ChatApplication\\desktop_capture\\emp002\\2020_09_02/03_26_43.png','emp002','2020-09-02 03:26:44','emp002'),(39,'emp002','2020-09-02 03:29:45','D:\\ChatApplication\\desktop_capture\\emp002\\2020_09_02/03_29_44.png','emp002','2020-09-02 03:29:45','emp002'),(40,'emp002','2020-09-02 04:18:45','D:\\ChatApplication\\desktop_capture\\emp002\\2020_09_02/04_18_44.png','emp002','2020-09-02 04:18:45','emp002'),(41,'emp002','2020-09-02 04:19:24','D:\\ChatApplication\\desktop_capture\\emp002\\2020_09_02/04_19_23.png','emp002','2020-09-02 04:19:24','emp002'),(42,'emp002','2020-09-02 04:24:02','D:\\ChatApplication\\desktop_capture\\emp002\\2020_09_02/04_24_02.png','emp002','2020-09-02 04:24:02','emp002'),(43,'emp002','2020-09-02 04:24:32','D:\\ChatApplication\\desktop_capture\\emp002\\2020_09_02/04_24_31.png','emp002','2020-09-02 04:24:32','emp002'),(44,'emp002','2020-09-02 04:25:56','D:\\ChatApplication\\desktop_capture\\emp002\\2020_09_02/04_25_56.png','emp002','2020-09-02 04:25:56','emp002'),(45,'emp002','2020-09-02 04:26:29','D:\\ChatApplication\\desktop_capture\\emp002\\2020_09_02/04_26_29.png','emp002','2020-09-02 04:26:29','emp002'),(46,'emp002','2020-09-02 04:36:51','D:\\ChatApplication\\desktop_capture\\emp002\\2020_09_02/04_36_50.png','emp002','2020-09-02 04:36:51','emp002'),(47,'emp002','2020-09-02 04:37:54','D:\\ChatApplication\\desktop_capture\\emp002\\2020_09_02/04_37_53.png','emp002','2020-09-02 04:37:54','emp002'),(48,'emp002','2020-09-02 04:38:24','D:\\ChatApplication\\desktop_capture\\emp002\\2020_09_02/04_38_23.png','emp002','2020-09-02 04:38:24','emp002'),(49,'emp002','2020-09-02 04:38:53','D:\\ChatApplication\\desktop_capture\\emp002\\2020_09_02/04_38_52.png','emp002','2020-09-02 04:38:53','emp002'),(50,'emp002','2020-09-02 04:38:56','D:\\ChatApplication\\desktop_capture\\emp002\\2020_09_02/04_38_56.png','emp002','2020-09-02 04:38:56','emp002'),(51,'emp002','2020-09-02 04:39:30','D:\\ChatApplication\\desktop_capture\\emp002\\2020_09_02/04_39_29.png','emp002','2020-09-02 04:39:30','emp002'),(52,'emp002','2020-09-02 04:40:02','D:\\ChatApplication\\desktop_capture\\emp002\\2020_09_02/04_40_02.png','emp002','2020-09-02 04:40:02','emp002'),(53,'emp002','2020-09-02 17:25:22','desktop_capture\\emp002\\2020_09_02/17_25_21.png','emp002','2020-09-02 17:25:22','emp002'),(54,'emp002','2020-09-02 17:26:24','desktop_capture\\emp002\\2020_09_02/17_26_23.png','emp002','2020-09-02 17:26:24','emp002'),(55,'emp002','2020-09-02 17:26:48','desktop_capture\\emp002\\2020_09_02/17_26_47.png','emp002','2020-09-02 17:26:48','emp002'),(56,'emp002','2020-09-02 17:26:55','desktop_capture\\emp002\\2020_09_02/17_26_54.png','emp002','2020-09-02 17:26:55','emp002'),(57,'emp002','2020-09-02 17:27:17','desktop_capture\\emp002\\2020_09_02/17_27_17.png','emp002','2020-09-02 17:27:17','emp002'),(58,'emp002','2020-09-02 17:27:47','desktop_capture\\emp002\\2020_09_02/17_27_47.png','emp002','2020-09-02 17:27:47','emp002'),(59,'emp001','2020-09-02 17:31:15','desktop_capture\\emp001\\2020_09_02/17_31_14.png','emp001','2020-09-02 17:31:15','emp001'),(60,'emp001','2020-09-02 17:32:02','desktop_capture\\emp001\\2020_09_02/17_32_01.png','emp001','2020-09-02 17:32:02','emp001'),(61,'emp001','2020-09-02 17:32:09','desktop_capture\\emp001\\2020_09_02/17_32_08.png','emp001','2020-09-02 17:32:09','emp001'),(62,'emp001','2020-09-02 17:32:56','desktop_capture\\emp001\\2020_09_02/17_32_55.png','emp001','2020-09-02 17:32:56','emp001'),(63,'emp001','2020-09-02 17:34:24','desktop_capture\\emp001\\2020_09_02/17_34_23.png','emp001','2020-09-02 17:34:24','emp001'),(64,'emp001','2020-09-02 17:34:43','desktop_capture\\emp001\\2020_09_02/17_34_42.png','emp001','2020-09-02 17:34:43','emp001'),(65,'emp001','2020-09-02 17:39:53','desktop_capture\\emp001\\2020_09_02/17_39_52.png','emp001','2020-09-02 17:39:53','emp001'),(66,'emp001','2020-09-02 17:40:50','desktop_capture\\emp001\\2020_09_02/17_40_49.png','emp001','2020-09-02 17:40:50','emp001'),(67,'emp001','2020-09-02 17:41:20','desktop_capture\\emp001\\2020_09_02/17_41_19.png','emp001','2020-09-02 17:41:20','emp001'),(68,'emp001','2020-09-02 17:41:39','desktop_capture\\emp001\\2020_09_02/17_41_38.png','emp001','2020-09-02 17:41:39','emp001'),(69,'emp001','2020-09-02 17:42:14','desktop_capture\\emp001\\2020_09_02/17_42_13.png','emp001','2020-09-02 17:42:14','emp001'),(70,'emp001','2020-09-02 17:43:16','desktop_capture\\emp001\\2020_09_02/17_43_15.png','emp001','2020-09-02 17:43:16','emp001'),(71,'emp001','2020-09-02 17:43:46','desktop_capture\\emp001\\2020_09_02/17_43_45.png','emp001','2020-09-02 17:43:46','emp001'),(72,'emp001','2020-09-02 17:44:06','desktop_capture\\emp001\\2020_09_02/17_44_05.png','emp001','2020-09-02 17:44:06','emp001'),(73,'emp001','2020-09-02 17:45:07','desktop_capture\\emp001\\2020_09_02/17_45_06.png','emp001','2020-09-02 17:45:07','emp001'),(74,'emp001','2020-09-02 17:46:43','desktop_capture\\emp001\\2020_09_02/17_46_42.png','emp001','2020-09-02 17:46:43','emp001'),(75,'emp001','2020-09-02 17:46:59','desktop_capture\\emp001\\2020_09_02/17_46_58.png','emp001','2020-09-02 17:46:59','emp001'),(76,'emp001','2020-09-02 17:48:07','desktop_capture\\emp001\\2020_09_02/17_48_06.png','emp001','2020-09-02 17:48:07','emp001'),(77,'emp001','2020-09-02 17:48:29','desktop_capture\\emp001\\2020_09_02/17_48_28.png','emp001','2020-09-02 17:48:29','emp001'),(78,'emp001','2020-09-02 17:49:04','desktop_capture\\emp001\\2020_09_02/17_49_04.png','emp001','2020-09-02 17:49:04','emp001'),(79,'emp001','2020-09-02 17:49:07','desktop_capture\\emp001\\2020_09_02/17_49_06.png','emp001','2020-09-02 17:49:07','emp001'),(80,'emp001','2020-09-02 17:50:11','desktop_capture\\emp001\\2020_09_02/17_50_10.png','emp001','2020-09-02 17:50:11','emp001'),(81,'emp001','2020-09-02 17:50:36','desktop_capture\\emp001\\2020_09_02/17_50_36.png','emp001','2020-09-02 17:50:36','emp001'),(82,'emp001','2020-09-02 17:52:37','desktop_capture\\emp001\\2020_09_02/17_52_36.png','emp001','2020-09-02 17:52:37','emp001'),(83,'emp001','2020-09-02 17:53:48','desktop_capture\\emp001\\2020_09_02/17_53_47.png','emp001','2020-09-02 17:53:48','emp001'),(84,'emp001','2020-09-05 12:19:07','desktop_capture\\emp001\\2020_09_05/12_19_05.png','emp001','2020-09-05 12:19:07','emp001'),(85,'emp001','2020-09-05 12:19:36','desktop_capture\\emp001\\2020_09_05/12_19_34.png','emp001','2020-09-05 12:19:36','emp001'),(86,'emp001','2020-09-05 12:20:05','desktop_capture\\emp001\\2020_09_05/12_20_04.png','emp001','2020-09-05 12:20:05','emp001'),(87,'emp001','2020-09-05 17:28:18','desktop_capture\\emp001\\2020_09_05/17_28_18.png','emp001','2020-09-05 17:28:18','emp001'),(88,'emp001','2020-09-05 17:28:48','desktop_capture\\emp001\\2020_09_05/17_28_47.png','emp001','2020-09-05 17:28:48','emp001'),(89,'emp001','2020-09-05 17:29:18','desktop_capture\\emp001\\2020_09_05/17_29_17.png','emp001','2020-09-05 17:29:18','emp001'),(90,'emp001','2020-09-05 17:36:03','desktop_capture\\emp001\\2020_09_05/17_36_02.png','emp001','2020-09-05 17:36:03','emp001'),(91,'emp001','2020-09-05 17:36:33','desktop_capture\\emp001\\2020_09_05/17_36_32.png','emp001','2020-09-05 17:36:33','emp001'),(92,'emp001','2020-09-05 17:37:03','desktop_capture\\emp001\\2020_09_05/17_37_02.png','emp001','2020-09-05 17:37:03','emp001'),(93,'emp001','2020-09-05 19:32:34','desktop_capture\\emp001\\2020_09_05/19_32_34.png','emp001','2020-09-05 19:32:34','emp001'),(94,'emp001','2020-09-05 19:32:34','desktop_capture\\emp001\\2020_09_05/19_32_34.png','emp001','2020-09-05 19:32:34','emp001'),(95,'emp001','2020-09-05 19:32:34','desktop_capture\\emp001\\2020_09_05/19_32_34.png','emp001','2020-09-05 19:32:34','emp001'),(96,'emp001','2020-09-05 19:32:34','desktop_capture\\emp001\\2020_09_05/19_32_34.png','emp001','2020-09-05 19:32:34','emp001'),(97,'emp001','2020-09-05 19:32:34','desktop_capture\\emp001\\2020_09_05/19_32_34.png','emp001','2020-09-05 19:32:34','emp001'),(98,'emp001','2020-09-05 19:32:34','desktop_capture\\emp001\\2020_09_05/19_32_34.png','emp001','2020-09-05 19:32:34','emp001'),(99,'emp001','2020-09-05 19:34:39','desktop_capture\\emp001\\2020_09_05/19_34_08.png','emp001','2020-09-05 19:34:39','emp001'),(100,'emp001','2020-09-05 19:34:39','desktop_capture\\emp001\\2020_09_05/19_34_08.png','emp001','2020-09-05 19:34:39','emp001'),(101,'emp001','2020-09-05 19:34:39','desktop_capture\\emp001\\2020_09_05/19_34_08.png','emp001','2020-09-05 19:34:39','emp001'),(102,'emp001','2020-09-05 19:34:39','desktop_capture\\emp001\\2020_09_05/19_34_08.png','emp001','2020-09-05 19:34:39','emp001'),(103,'emp001','2020-09-05 19:34:39','desktop_capture\\emp001\\2020_09_05/19_34_08.png','emp001','2020-09-05 19:34:39','emp001'),(104,'emp001','2020-09-05 19:34:39','desktop_capture\\emp001\\2020_09_05/19_34_08.png','emp001','2020-09-05 19:34:39','emp001'),(105,'emp001','2020-09-05 19:34:58','desktop_capture\\emp001\\2020_09_05/19_34_57.png','emp001','2020-09-05 19:34:58','emp001'),(106,'emp001','2020-09-05 19:34:58','desktop_capture\\emp001\\2020_09_05/19_34_47.png','emp001','2020-09-05 19:34:58','emp001'),(107,'emp001','2020-09-05 19:34:59','desktop_capture\\emp001\\2020_09_05/19_34_47.png','emp001','2020-09-05 19:34:59','emp001'),(108,'emp001','2020-09-05 19:34:59','desktop_capture\\emp001\\2020_09_05/19_34_47.png','emp001','2020-09-05 19:34:59','emp001'),(109,'emp001','2020-09-05 19:35:00','desktop_capture\\emp001\\2020_09_05/19_34_57.png','emp001','2020-09-05 19:35:00','emp001'),(110,'emp001','2020-09-05 19:35:00','desktop_capture\\emp001\\2020_09_05/19_34_57.png','emp001','2020-09-05 19:35:00','emp001'),(111,'emp001','2020-09-05 19:35:02','desktop_capture\\emp001\\2020_09_05/19_34_58.png','emp001','2020-09-05 19:35:02','emp001'),(112,'emp001','2020-09-05 19:35:02','desktop_capture\\emp001\\2020_09_05/19_35_02.png','emp001','2020-09-05 19:35:02','emp001'),(113,'emp001','2020-09-05 19:35:02','desktop_capture\\emp001\\2020_09_05/19_35_01.png','emp001','2020-09-05 19:35:02','emp001'),(114,'emp001','2020-09-05 19:35:03','desktop_capture\\emp001\\2020_09_05/19_34_59.png','emp001','2020-09-05 19:35:03','emp001'),(115,'emp001','2020-09-05 19:35:03','desktop_capture\\emp001\\2020_09_05/19_34_59.png','emp001','2020-09-05 19:35:03','emp001'),(116,'emp001','2020-09-05 19:35:04','desktop_capture\\emp001\\2020_09_05/19_35_00.png','emp001','2020-09-05 19:35:04','emp001'),(117,'emp001','2020-09-05 19:35:12','desktop_capture\\emp001\\2020_09_05/19_35_03.png','emp001','2020-09-05 19:35:12','emp001'),(118,'emp001','2020-09-05 19:35:12','desktop_capture\\emp001\\2020_09_05/19_35_04.png','emp001','2020-09-05 19:35:12','emp001'),(119,'emp001','2020-09-05 19:35:12','desktop_capture\\emp001\\2020_09_05/19_35_03.png','emp001','2020-09-05 19:35:12','emp001'),(120,'emp001','2020-09-05 19:35:12','desktop_capture\\emp001\\2020_09_05/19_35_05.png','emp001','2020-09-05 19:35:12','emp001'),(121,'emp001','2020-09-05 19:35:32','desktop_capture\\emp001\\2020_09_05/19_35_05.png','emp001','2020-09-05 19:35:32','emp001'),(122,'emp001','2020-09-05 19:35:32','desktop_capture\\emp001\\2020_09_05/19_35_11.png','emp001','2020-09-05 19:35:32','emp001'),(123,'emp001','2020-09-05 19:35:32','desktop_capture\\emp001\\2020_09_05/19_35_31.png','emp001','2020-09-05 19:35:32','emp001'),(124,'emp001','2020-09-05 19:35:32','desktop_capture\\emp001\\2020_09_05/19_35_31.png','emp001','2020-09-05 19:35:32','emp001'),(125,'emp001','2020-09-05 19:35:32','desktop_capture\\emp001\\2020_09_05/19_35_31.png','emp001','2020-09-05 19:35:32','emp001'),(126,'emp001','2020-09-05 19:35:32','desktop_capture\\emp001\\2020_09_05/19_35_31.png','emp001','2020-09-05 19:35:32','emp001'),(127,'emp001','2020-09-05 19:35:32','desktop_capture\\emp001\\2020_09_05/19_35_31.png','emp001','2020-09-05 19:35:32','emp001'),(128,'emp001','2020-09-05 19:35:32','desktop_capture\\emp001\\2020_09_05/19_35_31.png','emp001','2020-09-05 19:35:32','emp001'),(129,'emp001','2020-09-05 19:35:42','desktop_capture\\emp001\\2020_09_05/19_35_41.png','emp001','2020-09-05 19:35:42','emp001'),(130,'emp001','2020-09-05 19:35:42','desktop_capture\\emp001\\2020_09_05/19_35_41.png','emp001','2020-09-05 19:35:42','emp001'),(131,'emp001','2020-09-05 19:35:42','desktop_capture\\emp001\\2020_09_05/19_35_41.png','emp001','2020-09-05 19:35:42','emp001'),(132,'emp001','2020-09-05 19:35:42','desktop_capture\\emp001\\2020_09_05/19_35_41.png','emp001','2020-09-05 19:35:42','emp001'),(133,'emp001','2020-09-05 19:35:42','desktop_capture\\emp001\\2020_09_05/19_35_41.png','emp001','2020-09-05 19:35:42','emp001'),(134,'emp001','2020-09-05 19:35:42','desktop_capture\\emp001\\2020_09_05/19_35_41.png','emp001','2020-09-05 19:35:42','emp001'),(135,'emp001','2020-09-05 19:35:42','desktop_capture\\emp001\\2020_09_05/19_35_41.png','emp001','2020-09-05 19:35:42','emp001'),(136,'emp001','2020-09-05 19:35:42','desktop_capture\\emp001\\2020_09_05/19_35_41.png','emp001','2020-09-05 19:35:42','emp001'),(137,'emp001','2020-09-05 19:35:42','desktop_capture\\emp001\\2020_09_05/19_35_41.png','emp001','2020-09-05 19:35:42','emp001'),(138,'emp001','2020-09-05 19:35:42','desktop_capture\\emp001\\2020_09_05/19_35_41.png','emp001','2020-09-05 19:35:42','emp001'),(139,'emp001','2020-09-05 19:35:42','desktop_capture\\emp001\\2020_09_05/19_35_41.png','emp001','2020-09-05 19:35:42','emp001'),(140,'emp001','2020-09-05 19:35:42','desktop_capture\\emp001\\2020_09_05/19_35_41.png','emp001','2020-09-05 19:35:42','emp001'),(141,'emp001','2020-09-05 19:35:42','desktop_capture\\emp001\\2020_09_05/19_35_41.png','emp001','2020-09-05 19:35:42','emp001'),(142,'emp001','2020-09-05 19:35:42','desktop_capture\\emp001\\2020_09_05/19_35_41.png','emp001','2020-09-05 19:35:42','emp001'),(143,'emp001','2020-09-05 19:35:42','desktop_capture\\emp001\\2020_09_05/19_35_41.png','emp001','2020-09-05 19:35:42','emp001'),(144,'emp001','2020-09-05 19:35:42','desktop_capture\\emp001\\2020_09_05/19_35_41.png','emp001','2020-09-05 19:35:42','emp001'),(145,'emp001','2020-09-05 19:35:42','desktop_capture\\emp001\\2020_09_05/19_35_41.png','emp001','2020-09-05 19:35:42','emp001'),(146,'emp001','2020-09-05 19:35:42','desktop_capture\\emp001\\2020_09_05/19_35_41.png','emp001','2020-09-05 19:35:42','emp001'),(147,'emp001','2020-09-05 19:35:43','desktop_capture\\emp001\\2020_09_05/19_35_42.png','emp001','2020-09-05 19:35:43','emp001'),(148,'emp001','2020-09-05 19:35:43','desktop_capture\\emp001\\2020_09_05/19_35_42.png','emp001','2020-09-05 19:35:43','emp001'),(149,'emp001','2020-09-05 19:35:43','desktop_capture\\emp001\\2020_09_05/19_35_42.png','emp001','2020-09-05 19:35:43','emp001'),(150,'emp001','2020-09-05 19:35:43','desktop_capture\\emp001\\2020_09_05/19_35_42.png','emp001','2020-09-05 19:35:43','emp001'),(151,'emp001','2020-09-05 19:35:43','desktop_capture\\emp001\\2020_09_05/19_35_42.png','emp001','2020-09-05 19:35:43','emp001'),(152,'emp001','2020-09-05 19:35:43','desktop_capture\\emp001\\2020_09_05/19_35_42.png','emp001','2020-09-05 19:35:43','emp001'),(153,'emp001','2020-09-05 19:35:43','desktop_capture\\emp001\\2020_09_05/19_35_42.png','emp001','2020-09-05 19:35:43','emp001'),(154,'emp001','2020-09-05 19:35:43','desktop_capture\\emp001\\2020_09_05/19_35_42.png','emp001','2020-09-05 19:35:43','emp001'),(155,'emp001','2020-09-05 19:35:43','desktop_capture\\emp001\\2020_09_05/19_35_42.png','emp001','2020-09-05 19:35:43','emp001'),(156,'emp001','2020-09-05 19:35:43','desktop_capture\\emp001\\2020_09_05/19_35_42.png','emp001','2020-09-05 19:35:43','emp001'),(157,'emp001','2020-09-05 19:35:43','desktop_capture\\emp001\\2020_09_05/19_35_42.png','emp001','2020-09-05 19:35:43','emp001'),(158,'emp001','2020-09-05 19:35:43','desktop_capture\\emp001\\2020_09_05/19_35_42.png','emp001','2020-09-05 19:35:43','emp001'),(159,'emp001','2020-09-05 19:35:44','desktop_capture\\emp001\\2020_09_05/19_35_43.png','emp001','2020-09-05 19:35:44','emp001'),(160,'emp001','2020-09-05 19:35:44','desktop_capture\\emp001\\2020_09_05/19_35_43.png','emp001','2020-09-05 19:35:44','emp001'),(161,'emp001','2020-09-05 19:35:44','desktop_capture\\emp001\\2020_09_05/19_35_43.png','emp001','2020-09-05 19:35:44','emp001'),(162,'emp001','2020-09-05 19:35:44','desktop_capture\\emp001\\2020_09_05/19_35_43.png','emp001','2020-09-05 19:35:44','emp001'),(163,'emp001','2020-09-05 19:35:44','desktop_capture\\emp001\\2020_09_05/19_35_43.png','emp001','2020-09-05 19:35:44','emp001'),(164,'emp001','2020-09-05 19:35:44','desktop_capture\\emp001\\2020_09_05/19_35_43.png','emp001','2020-09-05 19:35:44','emp001'),(165,'emp001','2020-09-05 19:35:44','desktop_capture\\emp001\\2020_09_05/19_35_43.png','emp001','2020-09-05 19:35:44','emp001'),(166,'emp001','2020-09-05 19:35:44','desktop_capture\\emp001\\2020_09_05/19_35_43.png','emp001','2020-09-05 19:35:44','emp001'),(167,'emp001','2020-09-05 19:35:44','desktop_capture\\emp001\\2020_09_05/19_35_43.png','emp001','2020-09-05 19:35:44','emp001'),(168,'emp001','2020-09-05 19:35:44','desktop_capture\\emp001\\2020_09_05/19_35_43.png','emp001','2020-09-05 19:35:44','emp001'),(169,'emp001','2020-09-05 19:35:44','desktop_capture\\emp001\\2020_09_05/19_35_43.png','emp001','2020-09-05 19:35:44','emp001'),(170,'emp001','2020-09-05 19:35:44','desktop_capture\\emp001\\2020_09_05/19_35_43.png','emp001','2020-09-05 19:35:44','emp001'),(171,'emp001','2020-09-05 19:35:44','desktop_capture\\emp001\\2020_09_05/19_35_43.png','emp001','2020-09-05 19:35:44','emp001'),(172,'emp001','2020-09-05 19:35:44','desktop_capture\\emp001\\2020_09_05/19_35_43.png','emp001','2020-09-05 19:35:44','emp001'),(173,'emp001','2020-09-05 19:35:44','desktop_capture\\emp001\\2020_09_05/19_35_43.png','emp001','2020-09-05 19:35:44','emp001'),(174,'emp001','2020-09-05 19:35:44','desktop_capture\\emp001\\2020_09_05/19_35_43.png','emp001','2020-09-05 19:35:44','emp001'),(175,'emp001','2020-09-05 19:35:44','desktop_capture\\emp001\\2020_09_05/19_35_43.png','emp001','2020-09-05 19:35:44','emp001'),(176,'emp001','2020-09-05 19:35:44','desktop_capture\\emp001\\2020_09_05/19_35_44.png','emp001','2020-09-05 19:35:44','emp001'),(177,'emp001','2020-09-05 19:35:45','desktop_capture\\emp001\\2020_09_05/19_35_44.png','emp001','2020-09-05 19:35:45','emp001'),(178,'emp001','2020-09-05 19:35:45','desktop_capture\\emp001\\2020_09_05/19_35_44.png','emp001','2020-09-05 19:35:45','emp001'),(179,'emp001','2020-09-05 19:35:45','desktop_capture\\emp001\\2020_09_05/19_35_44.png','emp001','2020-09-05 19:35:45','emp001'),(180,'emp001','2020-09-05 19:35:45','desktop_capture\\emp001\\2020_09_05/19_35_44.png','emp001','2020-09-05 19:35:45','emp001'),(181,'emp001','2020-09-05 19:35:45','desktop_capture\\emp001\\2020_09_05/19_35_44.png','emp001','2020-09-05 19:35:45','emp001'),(182,'emp001','2020-09-05 19:35:45','desktop_capture\\emp001\\2020_09_05/19_35_44.png','emp001','2020-09-05 19:35:45','emp001'),(183,'emp001','2020-09-05 19:35:45','desktop_capture\\emp001\\2020_09_05/19_35_44.png','emp001','2020-09-05 19:35:45','emp001'),(184,'emp001','2020-09-05 19:35:45','desktop_capture\\emp001\\2020_09_05/19_35_44.png','emp001','2020-09-05 19:35:45','emp001'),(185,'emp001','2020-09-05 19:35:45','desktop_capture\\emp001\\2020_09_05/19_35_44.png','emp001','2020-09-05 19:35:45','emp001'),(186,'emp001','2020-09-05 19:35:45','desktop_capture\\emp001\\2020_09_05/19_35_44.png','emp001','2020-09-05 19:35:45','emp001'),(187,'emp001','2020-09-05 19:35:45','desktop_capture\\emp001\\2020_09_05/19_35_44.png','emp001','2020-09-05 19:35:45','emp001'),(188,'emp001','2020-09-05 19:35:45','desktop_capture\\emp001\\2020_09_05/19_35_45.png','emp001','2020-09-05 19:35:45','emp001'),(189,'emp001','2020-09-05 19:35:46','desktop_capture\\emp001\\2020_09_05/19_35_45.png','emp001','2020-09-05 19:35:46','emp001'),(190,'emp001','2020-09-05 19:35:46','desktop_capture\\emp001\\2020_09_05/19_35_45.png','emp001','2020-09-05 19:35:46','emp001'),(191,'emp001','2020-09-05 19:35:46','desktop_capture\\emp001\\2020_09_05/19_35_45.png','emp001','2020-09-05 19:35:46','emp001'),(192,'emp001','2020-09-05 19:35:46','desktop_capture\\emp001\\2020_09_05/19_35_45.png','emp001','2020-09-05 19:35:46','emp001'),(193,'emp001','2020-09-05 19:35:46','desktop_capture\\emp001\\2020_09_05/19_35_45.png','emp001','2020-09-05 19:35:46','emp001'),(194,'emp001','2020-09-05 19:35:46','desktop_capture\\emp001\\2020_09_05/19_35_45.png','emp001','2020-09-05 19:35:46','emp001'),(195,'emp001','2020-09-05 19:35:46','desktop_capture\\emp001\\2020_09_05/19_35_45.png','emp001','2020-09-05 19:35:46','emp001'),(196,'emp001','2020-09-05 19:35:46','desktop_capture\\emp001\\2020_09_05/19_35_45.png','emp001','2020-09-05 19:35:46','emp001'),(197,'emp001','2020-09-05 19:35:46','desktop_capture\\emp001\\2020_09_05/19_35_45.png','emp001','2020-09-05 19:35:46','emp001'),(198,'emp001','2020-09-05 19:35:46','desktop_capture\\emp001\\2020_09_05/19_35_45.png','emp001','2020-09-05 19:35:46','emp001'),(199,'emp001','2020-09-05 19:35:46','desktop_capture\\emp001\\2020_09_05/19_35_46.png','emp001','2020-09-05 19:35:46','emp001'),(200,'emp001','2020-09-05 19:35:46','desktop_capture\\emp001\\2020_09_05/19_35_46.png','emp001','2020-09-05 19:35:46','emp001'),(201,'emp001','2020-09-05 19:35:46','desktop_capture\\emp001\\2020_09_05/19_35_46.png','emp001','2020-09-05 19:35:46','emp001'),(202,'emp001','2020-09-05 19:35:47','desktop_capture\\emp001\\2020_09_05/19_35_46.png','emp001','2020-09-05 19:35:47','emp001'),(203,'emp001','2020-09-05 19:35:47','desktop_capture\\emp001\\2020_09_05/19_35_46.png','emp001','2020-09-05 19:35:47','emp001'),(204,'emp001','2020-09-05 19:35:47','desktop_capture\\emp001\\2020_09_05/19_35_46.png','emp001','2020-09-05 19:35:47','emp001'),(205,'emp001','2020-09-05 19:35:47','desktop_capture\\emp001\\2020_09_05/19_35_46.png','emp001','2020-09-05 19:35:47','emp001'),(206,'emp001','2020-09-05 19:35:47','desktop_capture\\emp001\\2020_09_05/19_35_46.png','emp001','2020-09-05 19:35:47','emp001'),(207,'emp001','2020-09-05 19:35:47','desktop_capture\\emp001\\2020_09_05/19_35_46.png','emp001','2020-09-05 19:35:47','emp001'),(208,'emp001','2020-09-05 19:35:47','desktop_capture\\emp001\\2020_09_05/19_35_46.png','emp001','2020-09-05 19:35:47','emp001'),(209,'emp001','2020-09-05 19:35:47','desktop_capture\\emp001\\2020_09_05/19_35_46.png','emp001','2020-09-05 19:35:47','emp001'),(210,'emp001','2020-09-05 19:35:47','desktop_capture\\emp001\\2020_09_05/19_35_46.png','emp001','2020-09-05 19:35:47','emp001'),(211,'emp001','2020-09-05 19:35:47','desktop_capture\\emp001\\2020_09_05/19_35_47.png','emp001','2020-09-05 19:35:47','emp001'),(212,'emp001','2020-09-05 19:35:47','desktop_capture\\emp001\\2020_09_05/19_35_46.png','emp001','2020-09-05 19:35:47','emp001'),(213,'emp001','2020-09-05 19:35:48','desktop_capture\\emp001\\2020_09_05/19_35_47.png','emp001','2020-09-05 19:35:48','emp001'),(214,'emp001','2020-09-05 19:35:48','desktop_capture\\emp001\\2020_09_05/19_35_47.png','emp001','2020-09-05 19:35:48','emp001'),(215,'emp001','2020-09-05 19:35:48','desktop_capture\\emp001\\2020_09_05/19_35_47.png','emp001','2020-09-05 19:35:48','emp001'),(216,'emp001','2020-09-05 19:35:48','desktop_capture\\emp001\\2020_09_05/19_35_47.png','emp001','2020-09-05 19:35:48','emp001'),(217,'emp001','2020-09-05 19:35:48','desktop_capture\\emp001\\2020_09_05/19_35_47.png','emp001','2020-09-05 19:35:48','emp001'),(218,'emp001','2020-09-05 19:35:48','desktop_capture\\emp001\\2020_09_05/19_35_47.png','emp001','2020-09-05 19:35:48','emp001'),(219,'emp001','2020-09-05 19:35:48','desktop_capture\\emp001\\2020_09_05/19_35_47.png','emp001','2020-09-05 19:35:48','emp001'),(220,'emp001','2020-09-05 19:35:48','desktop_capture\\emp001\\2020_09_05/19_35_47.png','emp001','2020-09-05 19:35:48','emp001'),(221,'emp001','2020-09-05 19:35:48','desktop_capture\\emp001\\2020_09_05/19_35_47.png','emp001','2020-09-05 19:35:48','emp001'),(222,'emp001','2020-09-05 19:35:48','desktop_capture\\emp001\\2020_09_05/19_35_48.png','emp001','2020-09-05 19:35:48','emp001'),(223,'emp001','2020-09-05 19:35:49','desktop_capture\\emp001\\2020_09_05/19_35_48.png','emp001','2020-09-05 19:35:49','emp001'),(224,'emp001','2020-09-05 19:35:49','desktop_capture\\emp001\\2020_09_05/19_35_48.png','emp001','2020-09-05 19:35:49','emp001'),(225,'emp001','2020-09-05 19:35:49','desktop_capture\\emp001\\2020_09_05/19_35_48.png','emp001','2020-09-05 19:35:49','emp001'),(226,'emp001','2020-09-05 19:35:49','desktop_capture\\emp001\\2020_09_05/19_35_48.png','emp001','2020-09-05 19:35:49','emp001'),(227,'emp001','2020-09-05 19:35:49','desktop_capture\\emp001\\2020_09_05/19_35_48.png','emp001','2020-09-05 19:35:49','emp001'),(228,'emp001','2020-09-05 19:35:49','desktop_capture\\emp001\\2020_09_05/19_35_48.png','emp001','2020-09-05 19:35:49','emp001'),(229,'emp001','2020-09-05 19:35:49','desktop_capture\\emp001\\2020_09_05/19_35_48.png','emp001','2020-09-05 19:35:49','emp001'),(230,'emp001','2020-09-05 19:35:49','desktop_capture\\emp001\\2020_09_05/19_35_48.png','emp001','2020-09-05 19:35:49','emp001'),(231,'emp001','2020-09-05 19:35:49','desktop_capture\\emp001\\2020_09_05/19_35_48.png','emp001','2020-09-05 19:35:49','emp001'),(232,'emp001','2020-09-05 19:35:49','desktop_capture\\emp001\\2020_09_05/19_35_48.png','emp001','2020-09-05 19:35:49','emp001'),(233,'emp001','2020-09-05 19:35:49','desktop_capture\\emp001\\2020_09_05/19_35_48.png','emp001','2020-09-05 19:35:49','emp001'),(234,'emp001','2020-09-05 19:35:49','desktop_capture\\emp001\\2020_09_05/19_35_49.png','emp001','2020-09-05 19:35:49','emp001'),(235,'emp001','2020-09-05 19:35:49','desktop_capture\\emp001\\2020_09_05/19_35_49.png','emp001','2020-09-05 19:35:49','emp001'),(236,'emp001','2020-09-05 19:35:49','desktop_capture\\emp001\\2020_09_05/19_35_49.png','emp001','2020-09-05 19:35:49','emp001'),(237,'emp001','2020-09-05 19:35:49','desktop_capture\\emp001\\2020_09_05/19_35_49.png','emp001','2020-09-05 19:35:49','emp001'),(238,'emp001','2020-09-05 19:35:49','desktop_capture\\emp001\\2020_09_05/19_35_49.png','emp001','2020-09-05 19:35:49','emp001'),(239,'emp001','2020-09-05 19:35:50','desktop_capture\\emp001\\2020_09_05/19_35_49.png','emp001','2020-09-05 19:35:50','emp001'),(240,'emp001','2020-09-05 19:35:50','desktop_capture\\emp001\\2020_09_05/19_35_49.png','emp001','2020-09-05 19:35:50','emp001'),(241,'emp001','2020-09-05 19:35:50','desktop_capture\\emp001\\2020_09_05/19_35_49.png','emp001','2020-09-05 19:35:50','emp001'),(242,'emp001','2020-09-05 19:35:50','desktop_capture\\emp001\\2020_09_05/19_35_49.png','emp001','2020-09-05 19:35:50','emp001'),(243,'emp001','2020-09-05 19:35:50','desktop_capture\\emp001\\2020_09_05/19_35_49.png','emp001','2020-09-05 19:35:50','emp001'),(244,'emp001','2020-09-05 19:35:50','desktop_capture\\emp001\\2020_09_05/19_35_49.png','emp001','2020-09-05 19:35:50','emp001'),(245,'emp001','2020-09-05 19:35:50','desktop_capture\\emp001\\2020_09_05/19_35_49.png','emp001','2020-09-05 19:35:50','emp001'),(246,'emp001','2020-09-05 19:35:50','desktop_capture\\emp001\\2020_09_05/19_35_49.png','emp001','2020-09-05 19:35:50','emp001'),(247,'emp001','2020-09-05 19:35:50','desktop_capture\\emp001\\2020_09_05/19_35_49.png','emp001','2020-09-05 19:35:50','emp001'),(248,'emp001','2020-09-05 19:35:50','desktop_capture\\emp001\\2020_09_05/19_35_49.png','emp001','2020-09-05 19:35:50','emp001'),(249,'emp001','2020-09-05 19:35:50','desktop_capture\\emp001\\2020_09_05/19_35_49.png','emp001','2020-09-05 19:35:50','emp001'),(250,'emp001','2020-09-05 19:35:50','desktop_capture\\emp001\\2020_09_05/19_35_49.png','emp001','2020-09-05 19:35:50','emp001'),(251,'emp001','2020-09-05 19:35:50','desktop_capture\\emp001\\2020_09_05/19_35_50.png','emp001','2020-09-05 19:35:50','emp001'),(252,'emp001','2020-09-05 19:35:50','desktop_capture\\emp001\\2020_09_05/19_35_50.png','emp001','2020-09-05 19:35:50','emp001'),(253,'emp001','2020-09-05 19:36:03','desktop_capture\\emp001\\2020_09_05/19_36_02.png','emp001','2020-09-05 19:36:03','emp001'),(254,'emp001','2020-09-05 19:36:03','desktop_capture\\emp001\\2020_09_05/19_36_02.png','emp001','2020-09-05 19:36:03','emp001'),(255,'emp001','2020-09-05 19:36:03','desktop_capture\\emp001\\2020_09_05/19_36_02.png','emp001','2020-09-05 19:36:03','emp001'),(256,'emp001','2020-09-05 19:36:03','desktop_capture\\emp001\\2020_09_05/19_36_02.png','emp001','2020-09-05 19:36:03','emp001'),(257,'emp001','2020-09-05 19:36:03','desktop_capture\\emp001\\2020_09_05/19_36_02.png','emp001','2020-09-05 19:36:03','emp001'),(258,'emp001','2020-09-05 19:36:03','desktop_capture\\emp001\\2020_09_05/19_36_02.png','emp001','2020-09-05 19:36:03','emp001'),(259,'emp001','2020-09-05 19:36:03','desktop_capture\\emp001\\2020_09_05/19_36_03.png','emp001','2020-09-05 19:36:03','emp001'),(260,'emp001','2020-09-05 19:36:04','desktop_capture\\emp001\\2020_09_05/19_36_03.png','emp001','2020-09-05 19:36:04','emp001'),(261,'emp001','2020-09-05 19:36:05','desktop_capture\\emp001\\2020_09_05/19_36_04.png','emp001','2020-09-05 19:36:05','emp001'),(262,'emp001','2020-09-05 19:36:06','desktop_capture\\emp001\\2020_09_05/19_36_05.png','emp001','2020-09-05 19:36:06','emp001'),(263,'emp001','2020-09-05 19:36:07','desktop_capture\\emp001\\2020_09_05/19_36_06.png','emp001','2020-09-05 19:36:07','emp001'),(264,'emp001','2020-09-05 19:36:08','desktop_capture\\emp001\\2020_09_05/19_36_08.png','emp001','2020-09-05 19:36:08','emp001'),(265,'emp001','2020-09-05 19:36:09','desktop_capture\\emp001\\2020_09_05/19_36_08.png','emp001','2020-09-05 19:36:09','emp001'),(266,'emp001','2020-09-05 19:36:10','desktop_capture\\emp001\\2020_09_05/19_36_10.png','emp001','2020-09-05 19:36:10','emp001'),(267,'emp001','2020-09-05 19:36:11','desktop_capture\\emp001\\2020_09_05/19_36_11.png','emp001','2020-09-05 19:36:11','emp001'),(268,'emp001','2020-09-05 19:36:12','desktop_capture\\emp001\\2020_09_05/19_36_12.png','emp001','2020-09-05 19:36:12','emp001'),(269,'emp001','2020-09-05 19:36:13','desktop_capture\\emp001\\2020_09_05/19_36_12.png','emp001','2020-09-05 19:36:13','emp001'),(270,'emp001','2020-09-05 19:36:14','desktop_capture\\emp001\\2020_09_05/19_36_14.png','emp001','2020-09-05 19:36:14','emp001'),(271,'emp001','2020-09-05 19:36:15','desktop_capture\\emp001\\2020_09_05/19_36_14.png','emp001','2020-09-05 19:36:15','emp001'),(272,'emp001','2020-09-05 19:36:16','desktop_capture\\emp001\\2020_09_05/19_36_16.png','emp001','2020-09-05 19:36:16','emp001'),(273,'emp001','2020-09-05 19:36:17','desktop_capture\\emp001\\2020_09_05/19_36_17.png','emp001','2020-09-05 19:36:17','emp001'),(274,'emp001','2020-09-05 19:36:18','desktop_capture\\emp001\\2020_09_05/19_36_18.png','emp001','2020-09-05 19:36:18','emp001'),(275,'emp001','2020-09-05 19:36:19','desktop_capture\\emp001\\2020_09_05/19_36_18.png','emp001','2020-09-05 19:36:19','emp001'),(276,'emp001','2020-09-05 19:39:41','desktop_capture\\emp001\\2020_09_05/19_39_40.png','emp001','2020-09-05 19:39:41','emp001'),(277,'emp001','2020-09-05 19:40:15','desktop_capture\\emp001\\2020_09_05/19_40_14.png','emp001','2020-09-05 19:40:15','emp001'),(278,'emp001','2020-09-05 19:40:52','desktop_capture\\emp001\\2020_09_05/19_40_51.png','emp001','2020-09-05 19:40:52','emp001'),(279,'emp001','2020-09-06 06:43:09','desktop_capture\\emp001\\2020_09_06/06_43_08.png','emp001','2020-09-06 06:43:09','emp001'),(280,'emp001','2020-09-06 06:43:12','desktop_capture\\emp001\\2020_09_06/06_43_11.png','emp001','2020-09-06 06:43:12','emp001'),(281,'emp001','2020-09-06 06:43:16','desktop_capture\\emp001\\2020_09_06/06_43_15.png','emp001','2020-09-06 06:43:16','emp001'),(282,'emp001','2020-09-06 06:43:18','desktop_capture\\emp001\\2020_09_06/06_43_17.png','emp001','2020-09-06 06:43:18','emp001'),(283,'emp001','2020-09-06 06:43:22','desktop_capture\\emp001\\2020_09_06/06_43_20.png','emp001','2020-09-06 06:43:22','emp001'),(284,'emp001','2020-09-06 06:43:25','desktop_capture\\emp001\\2020_09_06/06_43_23.png','emp001','2020-09-06 06:43:25','emp001'),(285,'emp001','2020-09-06 06:43:28','desktop_capture\\emp001\\2020_09_06/06_43_26.png','emp001','2020-09-06 06:43:28','emp001'),(286,'emp001','2020-09-06 06:43:31','desktop_capture\\emp001\\2020_09_06/06_43_30.png','emp001','2020-09-06 06:43:31','emp001'),(287,'emp001','2020-09-06 06:43:34','desktop_capture\\emp001\\2020_09_06/06_43_33.png','emp001','2020-09-06 06:43:34','emp001'),(288,'emp001','2020-09-06 06:43:37','desktop_capture\\emp001\\2020_09_06/06_43_36.png','emp001','2020-09-06 06:43:37','emp001'),(289,'emp001','2020-09-06 06:43:40','desktop_capture\\emp001\\2020_09_06/06_43_39.png','emp001','2020-09-06 06:43:40','emp001'),(290,'emp001','2020-09-06 06:43:43','desktop_capture\\emp001\\2020_09_06/06_43_41.png','emp001','2020-09-06 06:43:43','emp001'),(291,'emp001','2020-09-06 06:43:46','desktop_capture\\emp001\\2020_09_06/06_43_45.png','emp001','2020-09-06 06:43:46','emp001'),(292,'emp001','2020-09-06 06:43:49','desktop_capture\\emp001\\2020_09_06/06_43_47.png','emp001','2020-09-06 06:43:49','emp001'),(293,'emp001','2020-09-06 06:43:52','desktop_capture\\emp001\\2020_09_06/06_43_51.png','emp001','2020-09-06 06:43:52','emp001'),(294,'emp001','2020-09-06 06:43:55','desktop_capture\\emp001\\2020_09_06/06_43_53.png','emp001','2020-09-06 06:43:55','emp001'),(295,'emp001','2020-09-06 06:43:58','desktop_capture\\emp001\\2020_09_06/06_43_57.png','emp001','2020-09-06 06:43:58','emp001'),(296,'emp001','2020-09-06 06:44:01','desktop_capture\\emp001\\2020_09_06/06_44_00.png','emp001','2020-09-06 06:44:01','emp001'),(297,'emp001','2020-09-06 06:44:04','desktop_capture\\emp001\\2020_09_06/06_44_02.png','emp001','2020-09-06 06:44:04','emp001'),(298,'emp001','2020-09-06 06:44:06','desktop_capture\\emp001\\2020_09_06/06_44_05.png','emp001','2020-09-06 06:44:06','emp001'),(299,'emp001','2020-09-06 06:44:09','desktop_capture\\emp001\\2020_09_06/06_44_08.png','emp001','2020-09-06 06:44:09','emp001'),(300,'emp001','2020-09-06 06:44:13','desktop_capture\\emp001\\2020_09_06/06_44_12.png','emp001','2020-09-06 06:44:13','emp001'),(301,'emp001','2020-09-06 06:45:20','desktop_capture\\emp001\\2020_09_06/06_45_18.png','emp001','2020-09-06 06:45:20','emp001'),(302,'emp001','2020-09-06 06:45:22','desktop_capture\\emp001\\2020_09_06/06_45_21.png','emp001','2020-09-06 06:45:22','emp001'),(303,'emp001','2020-09-06 06:45:25','desktop_capture\\emp001\\2020_09_06/06_45_24.png','emp001','2020-09-06 06:45:25','emp001'),(304,'emp001','2020-09-06 06:45:28','desktop_capture\\emp001\\2020_09_06/06_45_27.png','emp001','2020-09-06 06:45:28','emp001'),(305,'emp001','2020-09-06 06:45:31','desktop_capture\\emp001\\2020_09_06/06_45_30.png','emp001','2020-09-06 06:45:31','emp001'),(306,'emp001','2020-09-06 06:45:34','desktop_capture\\emp001\\2020_09_06/06_45_33.png','emp001','2020-09-06 06:45:34','emp001'),(307,'emp001','2020-09-06 06:45:37','desktop_capture\\emp001\\2020_09_06/06_45_36.png','emp001','2020-09-06 06:45:37','emp001'),(308,'emp001','2020-09-06 06:45:40','desktop_capture\\emp001\\2020_09_06/06_45_39.png','emp001','2020-09-06 06:45:40','emp001'),(309,'emp001','2020-09-06 06:45:43','desktop_capture\\emp001\\2020_09_06/06_45_42.png','emp001','2020-09-06 06:45:43','emp001'),(310,'emp001','2020-09-06 06:45:46','desktop_capture\\emp001\\2020_09_06/06_45_45.png','emp001','2020-09-06 06:45:46','emp001'),(311,'emp001','2020-09-06 06:45:49','desktop_capture\\emp001\\2020_09_06/06_45_48.png','emp001','2020-09-06 06:45:49','emp001'),(312,'emp001','2020-09-06 06:45:52','desktop_capture\\emp001\\2020_09_06/06_45_51.png','emp001','2020-09-06 06:45:52','emp001'),(313,'emp001','2020-09-06 06:45:55','desktop_capture\\emp001\\2020_09_06/06_45_54.png','emp001','2020-09-06 06:45:55','emp001'),(314,'emp001','2020-09-06 06:45:58','desktop_capture\\emp001\\2020_09_06/06_45_57.png','emp001','2020-09-06 06:45:58','emp001'),(315,'emp001','2020-09-06 06:46:01','desktop_capture\\emp001\\2020_09_06/06_46_00.png','emp001','2020-09-06 06:46:01','emp001'),(316,'emp001','2020-09-06 06:46:04','desktop_capture\\emp001\\2020_09_06/06_46_03.png','emp001','2020-09-06 06:46:04','emp001'),(317,'emp001','2020-09-06 06:46:07','desktop_capture\\emp001\\2020_09_06/06_46_06.png','emp001','2020-09-06 06:46:07','emp001'),(318,'emp001','2020-09-06 06:46:10','desktop_capture\\emp001\\2020_09_06/06_46_09.png','emp001','2020-09-06 06:46:10','emp001'),(319,'emp001','2020-09-06 06:46:21','desktop_capture\\emp001\\2020_09_06/06_46_20.png','emp001','2020-09-06 06:46:21','emp001'),(320,'emp001','2020-09-06 06:46:33','desktop_capture\\emp001\\2020_09_06/06_46_32.png','emp001','2020-09-06 06:46:33','emp001'),(321,'emp001','2020-09-06 06:48:26','desktop_capture\\emp001\\2020_09_06/06_48_25.png','emp001','2020-09-06 06:48:26','emp001'),(322,'emp001','2020-09-06 06:48:55','desktop_capture\\emp001\\2020_09_06/06_48_55.png','emp001','2020-09-06 06:48:55','emp001'),(323,'emp001','2020-09-06 06:49:26','desktop_capture\\emp001\\2020_09_06/06_49_25.png','emp001','2020-09-06 06:49:26','emp001'),(324,'emp001','2020-09-06 06:57:14','desktop_capture\\emp001\\2020_09_06/06_57_13.png','emp001','2020-09-06 06:57:14','emp001'),(325,'emp001','2020-09-06 06:58:11','desktop_capture\\emp001\\2020_09_06/06_58_11.png','emp001','2020-09-06 06:58:11','emp001'),(326,'emp001','2020-09-06 07:07:13','desktop_capture\\emp001\\2020_09_06/07_07_12.png','emp001','2020-09-06 07:07:13','emp001'),(327,'emp001','2020-09-06 07:07:42','desktop_capture\\emp001\\2020_09_06/07_07_42.png','emp001','2020-09-06 07:07:42','emp001'),(328,'emp001','2020-09-06 07:08:44','desktop_capture\\emp001\\2020_09_06/07_08_43.png','emp001','2020-09-06 07:08:44','emp001'),(329,'emp001','2020-09-06 07:32:01','desktop_capture\\emp001\\2020_09_06/07_32_00.png','emp001','2020-09-06 07:32:01','emp001'),(330,'emp001','2020-09-06 07:32:32','desktop_capture\\emp001\\2020_09_06/07_32_31.png','emp001','2020-09-06 07:32:32','emp001'),(331,'emp001','2020-09-06 07:33:49','desktop_capture\\emp001\\2020_09_06/07_33_48.png','emp001','2020-09-06 07:33:49','emp001'),(332,'emp001','2020-09-06 07:52:25','desktop_capture\\emp001\\2020_09_06/07_52_24.png','emp001','2020-09-06 07:52:25','emp001'),(333,'emp001','2020-09-06 07:52:54','desktop_capture\\emp001\\2020_09_06/07_52_54.png','emp001','2020-09-06 07:52:54','emp001'),(334,'emp001','2020-09-06 07:53:24','desktop_capture\\emp001\\2020_09_06/07_53_24.png','emp001','2020-09-06 07:53:24','emp001'),(335,'emp001','2020-09-06 07:53:55','desktop_capture\\emp001\\2020_09_06/07_53_54.png','emp001','2020-09-06 07:53:55','emp001'),(336,'emp001','2020-09-06 07:54:25','desktop_capture\\emp001\\2020_09_06/07_54_24.png','emp001','2020-09-06 07:54:25','emp001'),(337,'emp001','2020-09-06 07:54:55','desktop_capture\\emp001\\2020_09_06/07_54_54.png','emp001','2020-09-06 07:54:55','emp001'),(338,'emp001','2020-09-06 07:55:25','desktop_capture\\emp001\\2020_09_06/07_55_24.png','emp001','2020-09-06 07:55:25','emp001'),(339,'emp001','2020-09-06 07:55:55','desktop_capture\\emp001\\2020_09_06/07_55_54.png','emp001','2020-09-06 07:55:55','emp001'),(340,'emp001','2020-09-06 07:56:25','desktop_capture\\emp001\\2020_09_06/07_56_24.png','emp001','2020-09-06 07:56:25','emp001'),(341,'emp001','2020-09-06 07:57:01','desktop_capture\\emp001\\2020_09_06/07_57_00.png','emp001','2020-09-06 07:57:01','emp001'),(342,'emp001','2020-09-06 07:57:31','desktop_capture\\emp001\\2020_09_06/07_57_30.png','emp001','2020-09-06 07:57:31','emp001'),(343,'emp001','2020-09-06 07:58:01','desktop_capture\\emp001\\2020_09_06/07_58_00.png','emp001','2020-09-06 07:58:01','emp001'),(344,'emp001','2020-09-06 07:58:31','desktop_capture\\emp001\\2020_09_06/07_58_30.png','emp001','2020-09-06 07:58:31','emp001'),(345,'emp001','2020-09-06 07:59:01','desktop_capture\\emp001\\2020_09_06/07_59_00.png','emp001','2020-09-06 07:59:01','emp001'),(346,'emp001','2020-09-06 07:59:31','desktop_capture\\emp001\\2020_09_06/07_59_30.png','emp001','2020-09-06 07:59:31','emp001'),(347,'emp001','2020-09-06 08:00:01','desktop_capture\\emp001\\2020_09_06/08_00_00.png','emp001','2020-09-06 08:00:01','emp001'),(348,'emp001','2020-09-06 08:00:31','desktop_capture\\emp001\\2020_09_06/08_00_30.png','emp001','2020-09-06 08:00:31','emp001'),(349,'emp001','2020-09-06 08:01:01','desktop_capture\\emp001\\2020_09_06/08_01_00.png','emp001','2020-09-06 08:01:01','emp001'),(350,'emp001','2020-09-06 08:01:31','desktop_capture\\emp001\\2020_09_06/08_01_30.png','emp001','2020-09-06 08:01:31','emp001'),(351,'emp001','2020-09-06 08:02:01','desktop_capture\\emp001\\2020_09_06/08_02_00.png','emp001','2020-09-06 08:02:01','emp001'),(352,'emp001','2020-09-06 08:02:31','desktop_capture\\emp001\\2020_09_06/08_02_30.png','emp001','2020-09-06 08:02:31','emp001'),(353,'emp001','2020-09-06 08:03:01','desktop_capture\\emp001\\2020_09_06/08_03_00.png','emp001','2020-09-06 08:03:01','emp001'),(354,'emp001','2020-09-06 08:03:50','desktop_capture\\emp001\\2020_09_06/08_03_49.png','emp001','2020-09-06 08:03:50','emp001'),(355,'emp001','2020-09-06 08:17:43','desktop_capture\\emp001\\2020_09_06/08_17_42.png','emp001','2020-09-06 08:17:43','emp001'),(356,'emp001','2020-09-06 08:18:13','desktop_capture\\emp001\\2020_09_06/08_18_12.png','emp001','2020-09-06 08:18:13','emp001'),(357,'emp001','2020-09-06 18:10:33','desktop_capture\\emp001\\2020_09_06/18_10_31.png','emp001','2020-09-06 18:10:33','emp001'),(358,'emp001','2020-09-06 19:17:06','desktop_capture\\emp001\\2020_09_06/19_17_05.png','emp001','2020-09-06 19:17:06','emp001'),(359,'emp001','2020-09-06 19:17:06','desktop_capture\\emp001\\2020_09_06/19_17_05.png','emp001','2020-09-06 19:17:06','emp001'),(360,'emp001','2020-09-06 19:17:06','desktop_capture\\emp001\\2020_09_06/19_17_05.png','emp001','2020-09-06 19:17:06','emp001'),(361,'emp001','2020-09-06 19:17:06','desktop_capture\\emp001\\2020_09_06/19_17_05.png','emp001','2020-09-06 19:17:06','emp001'),(362,'emp001','2020-09-06 19:17:06','desktop_capture\\emp001\\2020_09_06/19_17_05.png','emp001','2020-09-06 19:17:06','emp001'),(363,'emp001','2020-09-06 19:38:22','desktop_capture\\emp001\\2020_09_06/19_38_21.png','emp001','2020-09-06 19:38:22','emp001'),(364,'emp001','2020-09-06 19:38:22','desktop_capture\\emp001\\2020_09_06/19_38_21.png','emp001','2020-09-06 19:38:22','emp001'),(365,'emp001','2020-09-06 19:38:22','desktop_capture\\emp001\\2020_09_06/19_38_21.png','emp001','2020-09-06 19:38:22','emp001'),(366,'emp001','2020-09-06 19:38:22','desktop_capture\\emp001\\2020_09_06/19_38_21.png','emp001','2020-09-06 19:38:22','emp001'),(367,'emp001','2020-09-08 20:00:46','desktop_capture\\emp001\\2020_09_08/20_00_45.png','emp001','2020-09-08 20:00:46','emp001'),(368,'emp001','2020-09-08 20:07:30','desktop_capture\\emp001\\2020_09_08/20_07_30.png','emp001','2020-09-08 20:07:30','emp001'),(369,'emp001','2020-09-08 20:09:14','desktop_capture\\emp001\\2020_09_08/20_09_13.png','emp001','2020-09-08 20:09:14','emp001'),(370,'emp001','2020-09-08 20:11:45','desktop_capture\\emp001\\2020_09_08/20_11_45.png','emp001','2020-09-08 20:11:45','emp001'),(371,'emp001','2020-09-08 20:12:27','desktop_capture\\emp001\\2020_09_08/20_12_26.png','emp001','2020-09-08 20:12:27','emp001'),(372,'emp001','2020-09-08 20:15:55','desktop_capture\\emp001\\2020_09_08/20_15_54.png','emp001','2020-09-08 20:15:55','emp001'),(373,'emp001','2020-09-08 20:16:25','desktop_capture\\emp001\\2020_09_08/20_16_24.png','emp001','2020-09-08 20:16:25','emp001'),(374,'emp001','2020-09-08 20:16:55','desktop_capture\\emp001\\2020_09_08/20_16_54.png','emp001','2020-09-08 20:16:55','emp001'),(375,'emp001','2020-09-08 20:17:25','desktop_capture\\emp001\\2020_09_08/20_17_24.png','emp001','2020-09-08 20:17:25','emp001'),(376,'emp001','2020-09-08 20:17:55','desktop_capture\\emp001\\2020_09_08/20_17_54.png','emp001','2020-09-08 20:17:55','emp001'),(377,'emp001','2020-09-08 20:18:25','desktop_capture\\emp001\\2020_09_08/20_18_24.png','emp001','2020-09-08 20:18:25','emp001'),(378,'emp001','2020-09-08 20:18:55','desktop_capture\\emp001\\2020_09_08/20_18_54.png','emp001','2020-09-08 20:18:55','emp001'),(379,'emp001','2020-09-08 20:19:25','desktop_capture\\emp001\\2020_09_08/20_19_24.png','emp001','2020-09-08 20:19:25','emp001'),(380,'emp001','2020-09-08 20:19:55','desktop_capture\\emp001\\2020_09_08/20_19_54.png','emp001','2020-09-08 20:19:55','emp001'),(381,'emp001','2020-09-08 20:22:43','desktop_capture\\emp001\\2020_09_08/20_22_42.png','emp001','2020-09-08 20:22:43','emp001'),(382,'emp001','2020-09-08 20:22:43','desktop_capture\\emp001\\2020_09_08/20_22_42.png','emp001','2020-09-08 20:22:43','emp001'),(383,'emp001','2020-09-08 20:22:53','desktop_capture\\emp001\\2020_09_08/20_22_52.png','emp001','2020-09-08 20:22:53','emp001'),(384,'emp001','2020-09-08 20:23:32','desktop_capture\\emp001\\2020_09_08/20_23_31.png','emp001','2020-09-08 20:23:32','emp001'),(385,'emp001','2020-09-08 20:24:02','desktop_capture\\emp001\\2020_09_08/20_24_01.png','emp001','2020-09-08 20:24:02','emp001'),(386,'emp001','2020-09-08 20:25:48','desktop_capture\\emp001\\2020_09_08/20_25_48.png','emp001','2020-09-08 20:25:48','emp001'),(387,'emp001','2020-09-08 20:26:18','desktop_capture\\emp001\\2020_09_08/20_26_17.png','emp001','2020-09-08 20:26:18','emp001'),(388,'emp001','2020-09-08 20:26:48','desktop_capture\\emp001\\2020_09_08/20_26_47.png','emp001','2020-09-08 20:26:48','emp001'),(389,'emp001','2020-09-08 20:27:18','desktop_capture\\emp001\\2020_09_08/20_27_17.png','emp001','2020-09-08 20:27:18','emp001'),(390,'emp001','2020-09-08 20:27:48','desktop_capture\\emp001\\2020_09_08/20_27_47.png','emp001','2020-09-08 20:27:48','emp001'),(391,'emp001','2020-09-08 20:28:18','desktop_capture\\emp001\\2020_09_08/20_28_17.png','emp001','2020-09-08 20:28:18','emp001'),(392,'emp001','2020-09-08 20:29:14','desktop_capture\\emp001\\2020_09_08/20_29_14.png','emp001','2020-09-08 20:29:14','emp001'),(393,'emp001','2020-09-08 20:29:44','desktop_capture\\emp001\\2020_09_08/20_29_44.png','emp001','2020-09-08 20:29:44','emp001'),(394,'emp001','2020-09-08 20:32:16','desktop_capture\\emp001\\2020_09_08/20_32_15.png','emp001','2020-09-08 20:32:16','emp001'),(395,'emp002','2020-09-08 21:35:31','desktop_capture\\emp002\\2020_09_08/21_35_30.png','emp002','2020-09-08 21:35:31','emp002'),(396,'emp002','2020-09-08 21:36:01','desktop_capture\\emp002\\2020_09_08/21_36_00.png','emp002','2020-09-08 21:36:01','emp002'),(397,'emp002','2020-09-08 21:36:32','desktop_capture\\emp002\\2020_09_08/21_36_31.png','emp002','2020-09-08 21:36:32','emp002'),(398,'emp002','2020-09-08 21:37:02','desktop_capture\\emp002\\2020_09_08/21_37_01.png','emp002','2020-09-08 21:37:02','emp002'),(399,'emp002','2020-09-08 21:37:31','desktop_capture\\emp002\\2020_09_08/21_37_30.png','emp002','2020-09-08 21:37:31','emp002'),(400,'emp002','2020-09-08 21:38:01','desktop_capture\\emp002\\2020_09_08/21_38_00.png','emp002','2020-09-08 21:38:01','emp002'),(401,'emp002','2020-09-08 21:38:32','desktop_capture\\emp002\\2020_09_08/21_38_31.png','emp002','2020-09-08 21:38:32','emp002'),(402,'emp002','2020-09-08 21:39:02','desktop_capture\\emp002\\2020_09_08/21_39_01.png','emp002','2020-09-08 21:39:02','emp002'),(403,'emp002','2020-09-08 21:41:00','desktop_capture\\emp002\\2020_09_08/21_40_59.png','emp002','2020-09-08 21:41:00','emp002'),(404,'emp002','2020-09-08 21:41:31','desktop_capture\\emp002\\2020_09_08/21_41_30.png','emp002','2020-09-08 21:41:31','emp002'),(405,'emp002','2020-09-08 21:42:18','desktop_capture\\emp002\\2020_09_08/21_42_17.png','emp002','2020-09-08 21:42:18','emp002'),(406,'emp002','2020-09-08 21:43:10','desktop_capture\\emp002\\2020_09_08/21_43_09.png','emp002','2020-09-08 21:43:10','emp002'),(407,'emp002','2020-09-08 21:43:40','desktop_capture\\emp002\\2020_09_08/21_43_39.png','emp002','2020-09-08 21:43:40','emp002'),(408,'emp002','2020-09-08 21:44:11','desktop_capture\\emp002\\2020_09_08/21_44_10.png','emp002','2020-09-08 21:44:11','emp002'),(409,'emp002','2020-09-08 21:44:41','desktop_capture\\emp002\\2020_09_08/21_44_40.png','emp002','2020-09-08 21:44:41','emp002'),(410,'emp002','2020-09-08 21:45:41','desktop_capture\\emp002\\2020_09_08/21_45_40.png','emp002','2020-09-08 21:45:41','emp002'),(411,'emp002','2020-09-08 21:46:15','desktop_capture\\emp002\\2020_09_08/21_46_14.png','emp002','2020-09-08 21:46:15','emp002'),(412,'emp002','2020-09-08 21:46:45','desktop_capture\\emp002\\2020_09_08/21_46_44.png','emp002','2020-09-08 21:46:45','emp002'),(413,'emp002','2020-09-08 21:47:15','desktop_capture\\emp002\\2020_09_08/21_47_14.png','emp002','2020-09-08 21:47:15','emp002'),(414,'emp002','2020-09-08 21:47:45','desktop_capture\\emp002\\2020_09_08/21_47_44.png','emp002','2020-09-08 21:47:45','emp002'),(415,'emp002','2020-09-08 21:48:15','desktop_capture\\emp002\\2020_09_08/21_48_14.png','emp002','2020-09-08 21:48:15','emp002'),(416,'emp002','2020-09-08 21:48:45','desktop_capture\\emp002\\2020_09_08/21_48_44.png','emp002','2020-09-08 21:48:45','emp002'),(417,'emp002','2020-09-08 21:49:46','desktop_capture\\emp002\\2020_09_08/21_49_45.png','emp002','2020-09-08 21:49:46','emp002'),(418,'emp002','2020-09-08 21:50:17','desktop_capture\\emp002\\2020_09_08/21_50_16.png','emp002','2020-09-08 21:50:17','emp002'),(419,'emp002','2020-09-08 21:53:00','desktop_capture\\emp002\\2020_09_08/21_52_59.png','emp002','2020-09-08 21:53:00','emp002'),(420,'emp002','2020-09-08 21:53:30','desktop_capture\\emp002\\2020_09_08/21_53_29.png','emp002','2020-09-08 21:53:30','emp002'),(421,'emp002','2020-09-08 21:54:00','desktop_capture\\emp002\\2020_09_08/21_53_59.png','emp002','2020-09-08 21:54:00','emp002'),(422,'emp002','2020-09-08 21:54:30','desktop_capture\\emp002\\2020_09_08/21_54_29.png','emp002','2020-09-08 21:54:30','emp002'),(423,'emp002','2020-09-08 21:55:00','desktop_capture\\emp002\\2020_09_08/21_54_59.png','emp002','2020-09-08 21:55:00','emp002'),(424,'emp002','2020-09-08 21:55:30','desktop_capture\\emp002\\2020_09_08/21_55_29.png','emp002','2020-09-08 21:55:30','emp002'),(425,'emp002','2020-09-08 21:56:00','desktop_capture\\emp002\\2020_09_08/21_55_59.png','emp002','2020-09-08 21:56:00','emp002'),(426,'emp002','2020-09-08 21:56:30','desktop_capture\\emp002\\2020_09_08/21_56_29.png','emp002','2020-09-08 21:56:30','emp002'),(427,'emp002','2020-09-08 21:57:00','desktop_capture\\emp002\\2020_09_08/21_56_59.png','emp002','2020-09-08 21:57:00','emp002'),(428,'emp002','2020-09-08 21:57:30','desktop_capture\\emp002\\2020_09_08/21_57_29.png','emp002','2020-09-08 21:57:30','emp002'),(429,'emp002','2020-09-08 21:58:00','desktop_capture\\emp002\\2020_09_08/21_57_59.png','emp002','2020-09-08 21:58:00','emp002'),(430,'emp002','2020-09-08 21:58:30','desktop_capture\\emp002\\2020_09_08/21_58_29.png','emp002','2020-09-08 21:58:30','emp002'),(431,'emp002','2020-09-08 21:59:00','desktop_capture\\emp002\\2020_09_08/21_58_59.png','emp002','2020-09-08 21:59:00','emp002'),(432,'emp002','2020-09-08 21:59:30','desktop_capture\\emp002\\2020_09_08/21_59_29.png','emp002','2020-09-08 21:59:30','emp002'),(433,'emp002','2020-09-08 22:00:00','desktop_capture\\emp002\\2020_09_08/21_59_59.png','emp002','2020-09-08 22:00:00','emp002'),(434,'emp002','2020-09-08 22:00:30','desktop_capture\\emp002\\2020_09_08/22_00_29.png','emp002','2020-09-08 22:00:30','emp002'),(435,'emp002','2020-09-08 22:01:00','desktop_capture\\emp002\\2020_09_08/22_00_59.png','emp002','2020-09-08 22:01:00','emp002'),(436,'emp002','2020-09-08 22:01:30','desktop_capture\\emp002\\2020_09_08/22_01_29.png','emp002','2020-09-08 22:01:30','emp002'),(437,'emp002','2020-09-08 22:02:00','desktop_capture\\emp002\\2020_09_08/22_01_59.png','emp002','2020-09-08 22:02:00','emp002'),(438,'emp002','2020-09-08 22:02:30','desktop_capture\\emp002\\2020_09_08/22_02_29.png','emp002','2020-09-08 22:02:30','emp002'),(439,'emp002','2020-09-08 22:03:00','desktop_capture\\emp002\\2020_09_08/22_02_59.png','emp002','2020-09-08 22:03:00','emp002'),(440,'emp002','2020-09-08 22:03:30','desktop_capture\\emp002\\2020_09_08/22_03_29.png','emp002','2020-09-08 22:03:30','emp002'),(441,'emp002','2020-09-08 22:04:02','desktop_capture\\emp002\\2020_09_08/22_04_01.png','emp002','2020-09-08 22:04:02','emp002'),(442,'emp002','2020-09-08 22:04:30','desktop_capture\\emp002\\2020_09_08/22_04_29.png','emp002','2020-09-08 22:04:30','emp002'),(443,'emp002','2020-09-08 22:05:00','desktop_capture\\emp002\\2020_09_08/22_04_59.png','emp002','2020-09-08 22:05:00','emp002'),(444,'emp002','2020-09-08 22:05:30','desktop_capture\\emp002\\2020_09_08/22_05_29.png','emp002','2020-09-08 22:05:30','emp002'),(445,'emp002','2020-09-08 22:06:00','desktop_capture\\emp002\\2020_09_08/22_05_59.png','emp002','2020-09-08 22:06:00','emp002'),(446,'emp002','2020-09-08 22:06:30','desktop_capture\\emp002\\2020_09_08/22_06_29.png','emp002','2020-09-08 22:06:30','emp002'),(447,'emp002','2020-09-08 22:07:00','desktop_capture\\emp002\\2020_09_08/22_06_59.png','emp002','2020-09-08 22:07:00','emp002'),(448,'emp002','2020-09-08 22:07:30','desktop_capture\\emp002\\2020_09_08/22_07_29.png','emp002','2020-09-08 22:07:30','emp002'),(449,'emp002','2020-09-08 22:08:00','desktop_capture\\emp002\\2020_09_08/22_07_59.png','emp002','2020-09-08 22:08:00','emp002'),(450,'emp002','2020-09-08 22:08:30','desktop_capture\\emp002\\2020_09_08/22_08_29.png','emp002','2020-09-08 22:08:30','emp002'),(451,'emp002','2020-09-08 22:09:00','desktop_capture\\emp002\\2020_09_08/22_08_59.png','emp002','2020-09-08 22:09:00','emp002'),(452,'emp002','2020-09-08 22:09:30','desktop_capture\\emp002\\2020_09_08/22_09_29.png','emp002','2020-09-08 22:09:30','emp002'),(453,'emp002','2020-09-08 22:10:00','desktop_capture\\emp002\\2020_09_08/22_09_59.png','emp002','2020-09-08 22:10:00','emp002'),(454,'emp002','2020-09-08 22:10:30','desktop_capture\\emp002\\2020_09_08/22_10_29.png','emp002','2020-09-08 22:10:30','emp002'),(455,'emp002','2020-09-08 22:11:01','desktop_capture\\emp002\\2020_09_08/22_11_00.png','emp002','2020-09-08 22:11:01','emp002'),(456,'emp002','2020-09-08 22:11:30','desktop_capture\\emp002\\2020_09_08/22_11_29.png','emp002','2020-09-08 22:11:30','emp002'),(457,'emp002','2020-09-08 22:12:00','desktop_capture\\emp002\\2020_09_08/22_11_59.png','emp002','2020-09-08 22:12:00','emp002'),(458,'emp002','2020-09-08 22:12:31','desktop_capture\\emp002\\2020_09_08/22_12_30.png','emp002','2020-09-08 22:12:31','emp002'),(459,'emp002','2020-09-08 22:13:00','desktop_capture\\emp002\\2020_09_08/22_12_59.png','emp002','2020-09-08 22:13:00','emp002'),(460,'emp002','2020-09-08 22:14:00','desktop_capture\\emp002\\2020_09_08/22_13_59.png','emp002','2020-09-08 22:14:00','emp002'),(461,'emp002','2020-09-08 22:14:30','desktop_capture\\emp002\\2020_09_08/22_14_29.png','emp002','2020-09-08 22:14:30','emp002'),(462,'emp002','2020-09-08 22:15:00','desktop_capture\\emp002\\2020_09_08/22_14_59.png','emp002','2020-09-08 22:15:00','emp002'),(463,'emp002','2020-09-08 22:15:30','desktop_capture\\emp002\\2020_09_08/22_15_29.png','emp002','2020-09-08 22:15:30','emp002'),(464,'emp002','2020-09-08 22:16:30','desktop_capture\\emp002\\2020_09_08/22_16_29.png','emp002','2020-09-08 22:16:30','emp002'),(465,'emp002','2020-09-08 22:17:00','desktop_capture\\emp002\\2020_09_08/22_16_59.png','emp002','2020-09-08 22:17:00','emp002'),(466,'emp002','2020-09-08 22:17:30','desktop_capture\\emp002\\2020_09_08/22_17_29.png','emp002','2020-09-08 22:17:30','emp002'),(467,'emp002','2020-09-08 22:18:00','desktop_capture\\emp002\\2020_09_08/22_17_59.png','emp002','2020-09-08 22:18:00','emp002'),(468,'emp002','2020-09-08 22:18:30','desktop_capture\\emp002\\2020_09_08/22_18_29.png','emp002','2020-09-08 22:18:30','emp002'),(469,'emp002','2020-09-08 22:19:00','desktop_capture\\emp002\\2020_09_08/22_18_59.png','emp002','2020-09-08 22:19:00','emp002'),(470,'emp002','2020-09-08 22:19:30','desktop_capture\\emp002\\2020_09_08/22_19_29.png','emp002','2020-09-08 22:19:30','emp002'),(471,'emp002','2020-09-08 22:20:00','desktop_capture\\emp002\\2020_09_08/22_19_59.png','emp002','2020-09-08 22:20:00','emp002'),(472,'emp002','2020-09-08 22:21:30','desktop_capture\\emp002\\2020_09_08/22_21_29.png','emp002','2020-09-08 22:21:30','emp002'),(473,'emp002','2020-09-08 22:22:01','desktop_capture\\emp002\\2020_09_08/22_22_00.png','emp002','2020-09-08 22:22:01','emp002'),(474,'emp002','2020-09-08 22:22:30','desktop_capture\\emp002\\2020_09_08/22_22_29.png','emp002','2020-09-08 22:22:30','emp002'),(475,'emp002','2020-09-08 22:23:00','desktop_capture\\emp002\\2020_09_08/22_22_59.png','emp002','2020-09-08 22:23:00','emp002'),(476,'emp002','2020-09-08 22:23:30','desktop_capture\\emp002\\2020_09_08/22_23_29.png','emp002','2020-09-08 22:23:30','emp002'),(477,'emp002','2020-09-08 22:24:01','desktop_capture\\emp002\\2020_09_08/22_23_59.png','emp002','2020-09-08 22:24:01','emp002'),(478,'emp002','2020-09-08 22:24:30','desktop_capture\\emp002\\2020_09_08/22_24_29.png','emp002','2020-09-08 22:24:30','emp002'),(479,'emp002','2020-09-08 22:25:00','desktop_capture\\emp002\\2020_09_08/22_24_59.png','emp002','2020-09-08 22:25:00','emp002'),(480,'emp002','2020-09-08 22:25:30','desktop_capture\\emp002\\2020_09_08/22_25_29.png','emp002','2020-09-08 22:25:30','emp002'),(481,'emp002','2020-09-08 22:26:30','desktop_capture\\emp002\\2020_09_08/22_26_29.png','emp002','2020-09-08 22:26:30','emp002'),(482,'emp002','2020-09-08 22:27:00','desktop_capture\\emp002\\2020_09_08/22_26_59.png','emp002','2020-09-08 22:27:00','emp002'),(483,'emp002','2020-09-08 22:27:33','desktop_capture\\emp002\\2020_09_08/22_27_32.png','emp002','2020-09-08 22:27:33','emp002'),(484,'emp002','2020-09-08 22:28:00','desktop_capture\\emp002\\2020_09_08/22_27_59.png','emp002','2020-09-08 22:28:00','emp002'),(485,'emp002','2020-09-08 22:28:30','desktop_capture\\emp002\\2020_09_08/22_28_29.png','emp002','2020-09-08 22:28:30','emp002'),(486,'emp002','2020-09-08 22:29:00','desktop_capture\\emp002\\2020_09_08/22_28_59.png','emp002','2020-09-08 22:29:00','emp002'),(487,'emp002','2020-09-08 22:29:30','desktop_capture\\emp002\\2020_09_08/22_29_29.png','emp002','2020-09-08 22:29:30','emp002'),(488,'emp002','2020-09-08 22:30:00','desktop_capture\\emp002\\2020_09_08/22_29_59.png','emp002','2020-09-08 22:30:00','emp002'),(489,'emp002','2020-09-08 22:30:30','desktop_capture\\emp002\\2020_09_08/22_30_29.png','emp002','2020-09-08 22:30:30','emp002'),(490,'emp002','2020-09-08 22:31:30','desktop_capture\\emp002\\2020_09_08/22_31_29.png','emp002','2020-09-08 22:31:30','emp002'),(491,'emp002','2020-09-09 00:39:59','desktop_capture\\emp002\\2020_09_09/00_39_59.png','emp002','2020-09-09 00:39:59','emp002'),(492,'emp002','2020-09-09 00:40:29','desktop_capture\\emp002\\2020_09_09/00_40_29.png','emp002','2020-09-09 00:40:29','emp002'),(493,'emp002','2020-09-09 00:40:59','desktop_capture\\emp002\\2020_09_09/00_40_58.png','emp002','2020-09-09 00:40:59','emp002'),(494,'emp002','2020-09-09 00:41:29','desktop_capture\\emp002\\2020_09_09/00_41_28.png','emp002','2020-09-09 00:41:29','emp002'),(495,'emp002','2020-09-09 00:42:29','desktop_capture\\emp002\\2020_09_09/00_42_29.png','emp002','2020-09-09 00:42:29','emp002'),(496,'emp002','2020-09-09 00:42:58','desktop_capture\\emp002\\2020_09_09/00_42_58.png','emp002','2020-09-09 00:42:58','emp002'),(497,'emp002','2020-09-09 00:43:29','desktop_capture\\emp002\\2020_09_09/00_43_29.png','emp002','2020-09-09 00:43:29','emp002'),(498,'emp002','2020-09-09 00:43:59','desktop_capture\\emp002\\2020_09_09/00_43_59.png','emp002','2020-09-09 00:43:59','emp002'),(499,'emp002','2020-09-09 00:44:29','desktop_capture\\emp002\\2020_09_09/00_44_29.png','emp002','2020-09-09 00:44:29','emp002'),(500,'emp002','2020-09-09 00:44:59','desktop_capture\\emp002\\2020_09_09/00_44_59.png','emp002','2020-09-09 00:44:59','emp002'),(501,'emp002','2020-09-09 00:45:29','desktop_capture\\emp002\\2020_09_09/00_45_29.png','emp002','2020-09-09 00:45:29','emp002'),(502,'emp002','2020-09-09 00:45:59','desktop_capture\\emp002\\2020_09_09/00_45_59.png','emp002','2020-09-09 00:45:59','emp002'),(503,'emp002','2020-09-09 02:29:25','desktop_capture\\emp002\\2020_09_09/02_29_24.png','emp002','2020-09-09 02:29:25','emp002'),(504,'emp002','2020-09-09 02:29:55','desktop_capture\\emp002\\2020_09_09/02_29_54.png','emp002','2020-09-09 02:29:55','emp002'),(505,'emp001','2020-09-09 21:53:00','desktop_capture\\emp001\\2020_09_09/21_52_59.png','emp001','2020-09-09 21:53:00','emp001'),(506,'emp001','2020-09-09 21:54:00','desktop_capture\\emp001\\2020_09_09/21_53_59.png','emp001','2020-09-09 21:54:00','emp001'),(507,'emp001','2020-09-09 22:07:49','desktop_capture\\emp001\\2020_09_09/22_07_48.png','emp001','2020-09-09 22:07:49','emp001'),(508,'emp001','2020-09-09 22:09:05','desktop_capture\\emp001\\2020_09_09/22_09_04.png','emp001','2020-09-09 22:09:05','emp001'),(509,'emp001','2020-09-09 22:09:35','desktop_capture\\emp001\\2020_09_09/22_09_34.png','emp001','2020-09-09 22:09:35','emp001'),(510,'emp001','2020-09-09 22:10:10','desktop_capture\\emp001\\2020_09_09/22_10_08.png','emp001','2020-09-09 22:10:10','emp001'),(511,'emp001','2020-09-09 22:10:44','desktop_capture\\emp001\\2020_09_09/22_10_43.png','emp001','2020-09-09 22:10:44','emp001'),(512,'emp001','2020-09-09 22:11:14','desktop_capture\\emp001\\2020_09_09/22_11_13.png','emp001','2020-09-09 22:11:14','emp001'),(513,'emp001','2020-09-09 22:12:31','desktop_capture\\emp001\\2020_09_09/22_12_30.png','emp001','2020-09-09 22:12:31','emp001'),(514,'emp001','2020-09-09 22:13:01','desktop_capture\\emp001\\2020_09_09/22_13_00.png','emp001','2020-09-09 22:13:01','emp001'),(515,'emp001','2020-09-09 22:14:38','desktop_capture\\emp001\\2020_09_09/22_14_37.png','emp001','2020-09-09 22:14:38','emp001'),(516,'emp001','2020-09-09 22:15:53','desktop_capture\\emp001\\2020_09_09/22_15_52.png','emp001','2020-09-09 22:15:53','emp001'),(517,'emp001','2020-09-09 22:16:46','desktop_capture\\emp001\\2020_09_09/22_16_45.png','emp001','2020-09-09 22:16:46','emp001'),(518,'emp001','2020-09-09 22:17:16','desktop_capture\\emp001\\2020_09_09/22_17_15.png','emp001','2020-09-09 22:17:16','emp001'),(519,'emp001','2020-09-09 22:20:50','desktop_capture\\emp001\\2020_09_09/22_20_49.png','emp001','2020-09-09 22:20:50','emp001'),(520,'emp001','2020-09-09 22:21:49','desktop_capture\\emp001\\2020_09_09/22_21_47.png','emp001','2020-09-09 22:21:49','emp001'),(521,'emp001','2020-09-09 22:52:58','desktop_capture\\emp001\\2020_09_09/22_52_57.png','emp001','2020-09-09 22:52:58','emp001'),(522,'emp001','2020-09-09 22:53:28','desktop_capture\\emp001\\2020_09_09/22_53_27.png','emp001','2020-09-09 22:53:28','emp001'),(523,'emp001','2020-09-09 22:54:05','desktop_capture\\emp001\\2020_09_09/22_54_04.png','emp001','2020-09-09 22:54:05','emp001'),(524,'emp001','2020-09-09 22:54:28','desktop_capture\\emp001\\2020_09_09/22_54_27.png','emp001','2020-09-09 22:54:28','emp001'),(525,'emp001','2020-09-09 22:54:59','desktop_capture\\emp001\\2020_09_09/22_54_58.png','emp001','2020-09-09 22:54:59','emp001'),(526,'emp001','2020-09-09 22:55:29','desktop_capture\\emp001\\2020_09_09/22_55_28.png','emp001','2020-09-09 22:55:29','emp001'),(527,'emp001','2020-09-09 22:55:59','desktop_capture\\emp001\\2020_09_09/22_55_58.png','emp001','2020-09-09 22:55:59','emp001'),(528,'emp001','2020-09-09 22:56:29','desktop_capture\\emp001\\2020_09_09/22_56_28.png','emp001','2020-09-09 22:56:29','emp001'),(529,'emp001','2020-09-09 22:56:59','desktop_capture\\emp001\\2020_09_09/22_56_58.png','emp001','2020-09-09 22:56:59','emp001'),(530,'emp001','2020-09-09 22:57:29','desktop_capture\\emp001\\2020_09_09/22_57_28.png','emp001','2020-09-09 22:57:29','emp001'),(531,'emp001','2020-09-09 22:57:59','desktop_capture\\emp001\\2020_09_09/22_57_58.png','emp001','2020-09-09 22:57:59','emp001'),(532,'emp001','2020-09-09 22:58:29','desktop_capture\\emp001\\2020_09_09/22_58_28.png','emp001','2020-09-09 22:58:29','emp001'),(533,'emp001','2020-09-09 22:58:59','desktop_capture\\emp001\\2020_09_09/22_58_58.png','emp001','2020-09-09 22:58:59','emp001'),(534,'emp001','2020-09-09 22:59:59','desktop_capture\\emp001\\2020_09_09/22_59_58.png','emp001','2020-09-09 22:59:59','emp001'),(535,'emp001','2020-09-09 23:00:29','desktop_capture\\emp001\\2020_09_09/23_00_28.png','emp001','2020-09-09 23:00:29','emp001'),(536,'emp001','2020-09-09 23:01:20','desktop_capture\\emp001\\2020_09_09/23_01_19.png','emp001','2020-09-09 23:01:20','emp001'),(537,'emp001','2020-09-09 23:09:41','desktop_capture\\emp001\\2020_09_09/23_09_40.png','emp001','2020-09-09 23:09:41','emp001'),(538,'emp001','2020-09-09 23:09:41','desktop_capture\\emp001\\2020_09_09/23_09_40.png','emp001','2020-09-09 23:09:41','emp001'),(539,'emp001','2020-09-09 23:09:41','desktop_capture\\emp001\\2020_09_09/23_09_40.png','emp001','2020-09-09 23:09:41','emp001'),(540,'emp001','2020-09-09 23:09:41','desktop_capture\\emp001\\2020_09_09/23_09_40.png','emp001','2020-09-09 23:09:41','emp001'),(541,'emp001','2020-09-09 23:09:41','desktop_capture\\emp001\\2020_09_09/23_09_40.png','emp001','2020-09-09 23:09:41','emp001'),(542,'emp001','2020-09-09 23:09:41','desktop_capture\\emp001\\2020_09_09/23_09_39.png','emp001','2020-09-09 23:09:41','emp001'),(543,'emp001','2020-09-09 23:09:55','desktop_capture\\emp001\\2020_09_09/23_09_54.png','emp001','2020-09-09 23:09:55','emp001'),(544,'emp001','2020-09-09 23:10:21','desktop_capture\\emp001\\2020_09_09/23_10_20.png','emp001','2020-09-09 23:10:21','emp001'),(545,'emp001','2020-09-09 23:10:51','desktop_capture\\emp001\\2020_09_09/23_10_50.png','emp001','2020-09-09 23:10:51','emp001'),(546,'emp001','2020-09-09 23:11:21','desktop_capture\\emp001\\2020_09_09/23_11_20.png','emp001','2020-09-09 23:11:21','emp001'),(547,'emp001','2020-09-09 23:11:51','desktop_capture\\emp001\\2020_09_09/23_11_50.png','emp001','2020-09-09 23:11:51','emp001'),(548,'emp001','2020-09-09 23:31:39','desktop_capture\\emp001\\2020_09_09/23_31_38.png','emp001','2020-09-09 23:31:39','emp001'),(549,'emp001','2020-09-09 23:35:09','desktop_capture\\emp001\\2020_09_09/23_35_07.png','emp001','2020-09-09 23:35:09','emp001'),(550,'emp001','2020-09-09 23:35:09','desktop_capture\\emp001\\2020_09_09/23_35_07.png','emp001','2020-09-09 23:35:09','emp001'),(551,'emp001','2020-09-09 23:35:09','desktop_capture\\emp001\\2020_09_09/23_35_07.png','emp001','2020-09-09 23:35:09','emp001'),(552,'emp001','2020-09-09 23:35:09','desktop_capture\\emp001\\2020_09_09/23_35_07.png','emp001','2020-09-09 23:35:09','emp001'),(553,'emp001','2020-09-09 23:36:04','desktop_capture\\emp001\\2020_09_09/23_36_03.png','emp001','2020-09-09 23:36:04','emp001'),(554,'emp001','2020-09-09 23:36:35','desktop_capture\\emp001\\2020_09_09/23_36_34.png','emp001','2020-09-09 23:36:35','emp001'),(555,'emp001','2020-09-09 23:37:05','desktop_capture\\emp001\\2020_09_09/23_37_04.png','emp001','2020-09-09 23:37:05','emp001'),(556,'emp001','2020-09-09 23:37:35','desktop_capture\\emp001\\2020_09_09/23_37_34.png','emp001','2020-09-09 23:37:35','emp001'),(557,'emp001','2020-09-09 23:38:05','desktop_capture\\emp001\\2020_09_09/23_38_04.png','emp001','2020-09-09 23:38:05','emp001'),(558,'emp001','2020-09-09 23:38:35','desktop_capture\\emp001\\2020_09_09/23_38_34.png','emp001','2020-09-09 23:38:35','emp001'),(559,'emp001','2020-09-09 23:39:05','desktop_capture\\emp001\\2020_09_09/23_39_04.png','emp001','2020-09-09 23:39:05','emp001'),(560,'emp001','2020-09-09 23:39:35','desktop_capture\\emp001\\2020_09_09/23_39_34.png','emp001','2020-09-09 23:39:35','emp001'),(561,'emp001','2020-09-09 23:40:05','desktop_capture\\emp001\\2020_09_09/23_40_04.png','emp001','2020-09-09 23:40:05','emp001'),(562,'emp001','2020-09-09 23:40:39','desktop_capture\\emp001\\2020_09_09/23_40_38.png','emp001','2020-09-09 23:40:39','emp001'),(563,'emp001','2020-09-09 23:41:22','desktop_capture\\emp001\\2020_09_09/23_41_21.png','emp001','2020-09-09 23:41:22','emp001'),(564,'emp001','2020-09-09 23:41:52','desktop_capture\\emp001\\2020_09_09/23_41_51.png','emp001','2020-09-09 23:41:52','emp001'),(565,'emp001','2020-09-09 23:42:22','desktop_capture\\emp001\\2020_09_09/23_42_21.png','emp001','2020-09-09 23:42:22','emp001'),(566,'emp001','2020-09-09 23:42:52','desktop_capture\\emp001\\2020_09_09/23_42_51.png','emp001','2020-09-09 23:42:52','emp001'),(567,'emp001','2020-09-09 23:43:22','desktop_capture\\emp001\\2020_09_09/23_43_21.png','emp001','2020-09-09 23:43:22','emp001'),(568,'emp001','2020-09-09 23:43:52','desktop_capture\\emp001\\2020_09_09/23_43_51.png','emp001','2020-09-09 23:43:52','emp001'),(569,'emp001','2020-09-09 23:44:52','desktop_capture\\emp001\\2020_09_09/23_44_51.png','emp001','2020-09-09 23:44:52','emp001'),(570,'emp001','2020-09-09 23:45:48','desktop_capture\\emp001\\2020_09_09/23_45_47.png','emp001','2020-09-09 23:45:48','emp001'),(571,'emp001','2020-09-09 23:46:18','desktop_capture\\emp001\\2020_09_09/23_46_17.png','emp001','2020-09-09 23:46:18','emp001'),(572,'emp001','2020-09-09 23:46:48','desktop_capture\\emp001\\2020_09_09/23_46_47.png','emp001','2020-09-09 23:46:48','emp001'),(573,'emp001','2020-09-09 23:47:18','desktop_capture\\emp001\\2020_09_09/23_47_17.png','emp001','2020-09-09 23:47:18','emp001'),(574,'emp001','2020-09-09 23:47:48','desktop_capture\\emp001\\2020_09_09/23_47_47.png','emp001','2020-09-09 23:47:48','emp001'),(575,'emp001','2020-09-09 23:48:18','desktop_capture\\emp001\\2020_09_09/23_48_17.png','emp001','2020-09-09 23:48:18','emp001'),(576,'emp001','2020-09-09 23:48:48','desktop_capture\\emp001\\2020_09_09/23_48_47.png','emp001','2020-09-09 23:48:48','emp001'),(577,'emp001','2020-09-09 23:49:18','desktop_capture\\emp001\\2020_09_09/23_49_17.png','emp001','2020-09-09 23:49:18','emp001'),(578,'emp001','2020-09-09 23:49:48','desktop_capture\\emp001\\2020_09_09/23_49_47.png','emp001','2020-09-09 23:49:48','emp001'),(579,'emp001','2020-09-09 23:50:18','desktop_capture\\emp001\\2020_09_09/23_50_17.png','emp001','2020-09-09 23:50:18','emp001'),(580,'emp001','2020-09-09 23:50:48','desktop_capture\\emp001\\2020_09_09/23_50_47.png','emp001','2020-09-09 23:50:48','emp001'),(581,'emp001','2020-09-09 23:51:18','desktop_capture\\emp001\\2020_09_09/23_51_17.png','emp001','2020-09-09 23:51:18','emp001'),(582,'emp001','2020-09-09 23:51:48','desktop_capture\\emp001\\2020_09_09/23_51_47.png','emp001','2020-09-09 23:51:48','emp001'),(583,'emp001','2020-09-09 23:52:18','desktop_capture\\emp001\\2020_09_09/23_52_17.png','emp001','2020-09-09 23:52:18','emp001'),(584,'emp001','2020-09-09 23:54:13','desktop_capture\\emp001\\2020_09_09/23_54_12.png','emp001','2020-09-09 23:54:13','emp001'),(585,'emp001','2020-09-09 23:56:29','desktop_capture\\emp001\\2020_09_09/23_56_28.png','emp001','2020-09-09 23:56:29','emp001'),(586,'emp001','2020-09-09 23:57:00','desktop_capture\\emp001\\2020_09_09/23_56_59.png','emp001','2020-09-09 23:57:00','emp001'),(587,'emp001','2020-09-09 23:57:55','desktop_capture\\emp001\\2020_09_09/23_57_54.png','emp001','2020-09-09 23:57:55','emp001'),(588,'emp001','2020-09-09 23:58:25','desktop_capture\\emp001\\2020_09_09/23_58_24.png','emp001','2020-09-09 23:58:25','emp001'),(589,'emp001','2020-09-09 23:58:55','desktop_capture\\emp001\\2020_09_09/23_58_54.png','emp001','2020-09-09 23:58:55','emp001'),(590,'emp001','2020-09-09 23:59:25','desktop_capture\\emp001\\2020_09_09/23_59_24.png','emp001','2020-09-09 23:59:25','emp001'),(591,'emp001','2020-09-10 00:00:42','desktop_capture\\emp001\\2020_09_10/00_00_41.png','emp001','2020-09-10 00:00:42','emp001'),(592,'emp001','2020-09-10 00:01:12','desktop_capture\\emp001\\2020_09_10/00_01_11.png','emp001','2020-09-10 00:01:12','emp001'),(593,'emp001','2020-09-10 00:02:11','desktop_capture\\emp001\\2020_09_10/00_02_09.png','emp001','2020-09-10 00:02:11','emp001'),(594,'emp001','2020-09-10 00:02:48','desktop_capture\\emp001\\2020_09_10/00_02_47.png','emp001','2020-09-10 00:02:48','emp001'),(595,'emp001','2020-09-10 00:05:20','desktop_capture\\emp001\\2020_09_10/00_05_19.png','emp001','2020-09-10 00:05:20','emp001'),(596,'emp001','2020-09-10 00:19:49','desktop_capture\\emp001\\2020_09_10/00_19_48.png','emp001','2020-09-10 00:19:49','emp001'),(597,'emp001','2020-09-10 00:20:19','desktop_capture\\emp001\\2020_09_10/00_20_18.png','emp001','2020-09-10 00:20:19','emp001'),(598,'emp001','2020-09-10 00:20:49','desktop_capture\\emp001\\2020_09_10/00_20_48.png','emp001','2020-09-10 00:20:49','emp001'),(599,'emp001','2020-09-10 00:21:39','desktop_capture\\emp001\\2020_09_10/00_21_38.png','emp001','2020-09-10 00:21:39','emp001'),(600,'emp002','2020-09-10 01:08:50','desktop_capture\\emp002\\2020_09_10/01_08_49.png','emp002','2020-09-10 01:08:50','emp002'),(601,'emp002','2020-09-10 01:09:17','desktop_capture\\emp002\\2020_09_10/01_09_16.png','emp002','2020-09-10 01:09:17','emp002'),(602,'emp002','2020-09-10 01:09:46','desktop_capture\\emp002\\2020_09_10/01_09_45.png','emp002','2020-09-10 01:09:46','emp002'),(603,'emp002','2020-09-10 01:10:16','desktop_capture\\emp002\\2020_09_10/01_10_15.png','emp002','2020-09-10 01:10:16','emp002'),(604,'emp002','2020-09-10 01:15:39','desktop_capture\\emp002\\2020_09_10/01_15_38.png','emp002','2020-09-10 01:15:39','emp002'),(605,'emp002','2020-09-10 01:16:09','desktop_capture\\emp002\\2020_09_10/01_16_08.png','emp002','2020-09-10 01:16:09','emp002'),(606,'emp002','2020-09-10 01:16:39','desktop_capture\\emp002\\2020_09_10/01_16_38.png','emp002','2020-09-10 01:16:39','emp002'),(607,'emp002','2020-09-10 01:17:09','desktop_capture\\emp002\\2020_09_10/01_17_08.png','emp002','2020-09-10 01:17:09','emp002'),(608,'emp002','2020-09-10 01:17:40','desktop_capture\\emp002\\2020_09_10/01_17_39.png','emp002','2020-09-10 01:17:40','emp002'),(609,'emp002','2020-09-10 01:18:35','desktop_capture\\emp002\\2020_09_10/01_18_34.png','emp002','2020-09-10 01:18:35','emp002'),(610,'emp002','2020-09-10 01:23:35','desktop_capture\\emp002\\2020_09_10/01_23_34.png','emp002','2020-09-10 01:23:35','emp002'),(611,'emp002','2020-09-10 01:24:05','desktop_capture\\emp002\\2020_09_10/01_24_04.png','emp002','2020-09-10 01:24:05','emp002');
/*!40000 ALTER TABLE `capture_screen` ENABLE KEYS */;
UNLOCK TABLES;

--
-- Table structure for table `chat_room`
--

DROP TABLE IF EXISTS `chat_room`;
/*!40101 SET @saved_cs_client     = @@character_set_client */;
/*!50503 SET character_set_client = utf8mb4 */;
CREATE TABLE `chat_room` (
  `id` bigint NOT NULL,
  `created_by` varchar(25) COLLATE utf8_unicode_ci NOT NULL,
  `created_date` datetime NOT NULL,
  `status` int DEFAULT '1',
  `updated_by` varchar(25) COLLATE utf8_unicode_ci NOT NULL,
  `updated_date` datetime NOT NULL,
  `chat_status_id` int DEFAULT NULL,
  `name` varchar(255) COLLATE utf8_unicode_ci DEFAULT NULL,
  `attachment_avatar` bigint DEFAULT NULL,
  PRIMARY KEY (`id`),
  KEY `FK883nvqanq6lmk23r33f3wo5kn` (`chat_status_id`),
  KEY `FKaa2qll413dhvy20atqtwmy05l` (`attachment_avatar`),
  CONSTRAINT `FK883nvqanq6lmk23r33f3wo5kn` FOREIGN KEY (`chat_status_id`) REFERENCES `chat_status` (`id`),
  CONSTRAINT `FKaa2qll413dhvy20atqtwmy05l` FOREIGN KEY (`attachment_avatar`) REFERENCES `attachment` (`id`)
) ENGINE=InnoDB DEFAULT CHARSET=utf8 COLLATE=utf8_unicode_ci;
/*!40101 SET character_set_client = @saved_cs_client */;

--
-- Dumping data for table `chat_room`
--

LOCK TABLES `chat_room` WRITE;
/*!40000 ALTER TABLE `chat_room` DISABLE KEYS */;
INSERT INTO `chat_room` VALUES (1,'admin','2020-08-28 02:22:25',1,'admin','2020-08-28 02:22:25',1,'Public',1);
/*!40000 ALTER TABLE `chat_room` ENABLE KEYS */;
UNLOCK TABLES;

--
-- Table structure for table `chat_status`
--

DROP TABLE IF EXISTS `chat_status`;
/*!40101 SET @saved_cs_client     = @@character_set_client */;
/*!50503 SET character_set_client = utf8mb4 */;
CREATE TABLE `chat_status` (
  `id` int NOT NULL,
  `created_by` varchar(25) COLLATE utf8_unicode_ci NOT NULL,
  `created_date` datetime NOT NULL,
  `updated_by` varchar(25) COLLATE utf8_unicode_ci NOT NULL,
  `updated_date` datetime NOT NULL,
  `content` varchar(255) COLLATE utf8_unicode_ci DEFAULT NULL,
  `title` varchar(255) COLLATE utf8_unicode_ci DEFAULT NULL,
  `status` int NOT NULL,
  PRIMARY KEY (`id`)
) ENGINE=InnoDB DEFAULT CHARSET=utf8 COLLATE=utf8_unicode_ci;
/*!40101 SET character_set_client = @saved_cs_client */;

--
-- Dumping data for table `chat_status`
--

LOCK TABLES `chat_status` WRITE;
/*!40000 ALTER TABLE `chat_status` DISABLE KEYS */;
INSERT INTO `chat_status` VALUES (1,'admin','2020-08-25 00:00:00','admin','2020-08-25 00:00:00','Vi bo la bo cua con','Co gang lam tot',0);
/*!40000 ALTER TABLE `chat_status` ENABLE KEYS */;
UNLOCK TABLES;

--
-- Table structure for table `common`
--

DROP TABLE IF EXISTS `common`;
/*!40101 SET @saved_cs_client     = @@character_set_client */;
/*!50503 SET character_set_client = utf8mb4 */;
CREATE TABLE `common` (
  `type_id` int NOT NULL,
  `type_sub_id` int NOT NULL,
  `created_by` varchar(25) COLLATE utf8_unicode_ci NOT NULL,
  `created_date` datetime NOT NULL,
  `type_name` varchar(255) COLLATE utf8_unicode_ci DEFAULT NULL,
  `type_sub_name` varchar(255) COLLATE utf8_unicode_ci DEFAULT NULL,
  `updated_by` varchar(25) COLLATE utf8_unicode_ci NOT NULL,
  `updated_date` datetime NOT NULL,
  PRIMARY KEY (`type_id`,`type_sub_id`)
) ENGINE=InnoDB DEFAULT CHARSET=utf8 COLLATE=utf8_unicode_ci;
/*!40101 SET character_set_client = @saved_cs_client */;

--
-- Dumping data for table `common`
--

LOCK TABLES `common` WRITE;
/*!40000 ALTER TABLE `common` DISABLE KEYS */;
/*!40000 ALTER TABLE `common` ENABLE KEYS */;
UNLOCK TABLES;

--
-- Table structure for table `department`
--

DROP TABLE IF EXISTS `department`;
/*!40101 SET @saved_cs_client     = @@character_set_client */;
/*!50503 SET character_set_client = utf8mb4 */;
CREATE TABLE `department` (
  `department_id` varchar(255) COLLATE utf8_unicode_ci NOT NULL,
  `created_by` varchar(25) COLLATE utf8_unicode_ci NOT NULL,
  `created_date` datetime NOT NULL,
  `department_name` varchar(255) COLLATE utf8_unicode_ci DEFAULT NULL,
  `status` int DEFAULT '1',
  `updated_by` varchar(25) COLLATE utf8_unicode_ci NOT NULL,
  `updated_date` datetime NOT NULL,
  `manager_username` varchar(25) COLLATE utf8_unicode_ci DEFAULT NULL,
  PRIMARY KEY (`department_id`),
  KEY `FK5mpap06ddnhfbxc8agewj3pfa` (`manager_username`),
  CONSTRAINT `FK5mpap06ddnhfbxc8agewj3pfa` FOREIGN KEY (`manager_username`) REFERENCES `account` (`username`)
) ENGINE=InnoDB DEFAULT CHARSET=utf8 COLLATE=utf8_unicode_ci;
/*!40101 SET character_set_client = @saved_cs_client */;

--
-- Dumping data for table `department`
--

LOCK TABLES `department` WRITE;
/*!40000 ALTER TABLE `department` DISABLE KEYS */;
/*!40000 ALTER TABLE `department` ENABLE KEYS */;
UNLOCK TABLES;

--
-- Table structure for table `employee`
--

DROP TABLE IF EXISTS `employee`;
/*!40101 SET @saved_cs_client     = @@character_set_client */;
/*!50503 SET character_set_client = utf8mb4 */;
CREATE TABLE `employee` (
  `employee_id` varchar(11) COLLATE utf8_unicode_ci NOT NULL,
  `address` varchar(255) COLLATE utf8_unicode_ci DEFAULT NULL,
  `created_by` varchar(25) COLLATE utf8_unicode_ci NOT NULL,
  `created_date` datetime NOT NULL,
  `dob` datetime DEFAULT NULL,
  `email` varchar(255) COLLATE utf8_unicode_ci NOT NULL,
  `first_name` varchar(25) COLLATE utf8_unicode_ci NOT NULL,
  `job_title` int DEFAULT NULL,
  `last_name` varchar(25) COLLATE utf8_unicode_ci NOT NULL,
  `phone` varchar(15) COLLATE utf8_unicode_ci NOT NULL,
  `salary` int NOT NULL,
  `ssn` varchar(11) COLLATE utf8_unicode_ci NOT NULL,
  `status` int DEFAULT '1',
  `updated_by` varchar(25) COLLATE utf8_unicode_ci NOT NULL,
  `updated_date` datetime NOT NULL,
  `username` varchar(25) COLLATE utf8_unicode_ci DEFAULT NULL,
  `attachment_avatar` bigint DEFAULT NULL,
  `department_id` varchar(255) COLLATE utf8_unicode_ci DEFAULT NULL,
  `manager_username` varchar(25) COLLATE utf8_unicode_ci DEFAULT NULL,
  PRIMARY KEY (`employee_id`),
  UNIQUE KEY `UK_fopic1oh5oln2khj8eat6ino0` (`email`),
  UNIQUE KEY `UK_buf2qp04xpwfp5qq355706h4a` (`phone`),
  KEY `FKfyykgcnyif1w8n02bn82vl4yv` (`username`),
  KEY `FK4p594oq56uwto96nui7lwe7k8` (`attachment_avatar`),
  KEY `FKbejtwvg9bxus2mffsm3swj3u9` (`department_id`),
  KEY `FKac8dy291cmjmmvxnwti7otofa` (`manager_username`),
  CONSTRAINT `FK4p594oq56uwto96nui7lwe7k8` FOREIGN KEY (`attachment_avatar`) REFERENCES `attachment` (`id`),
  CONSTRAINT `FKac8dy291cmjmmvxnwti7otofa` FOREIGN KEY (`manager_username`) REFERENCES `account` (`username`),
  CONSTRAINT `FKbejtwvg9bxus2mffsm3swj3u9` FOREIGN KEY (`department_id`) REFERENCES `department` (`department_id`),
  CONSTRAINT `FKfyykgcnyif1w8n02bn82vl4yv` FOREIGN KEY (`username`) REFERENCES `account` (`username`)
) ENGINE=InnoDB DEFAULT CHARSET=utf8 COLLATE=utf8_unicode_ci;
/*!40101 SET character_set_client = @saved_cs_client */;

--
-- Dumping data for table `employee`
--

LOCK TABLES `employee` WRITE;
/*!40000 ALTER TABLE `employee` DISABLE KEYS */;
INSERT INTO `employee` VALUES ('empl001','Ha Noi','admin','2020-08-25 00:00:00',NULL,'empl001@gmail.com','employee',1,'001','111123456789',100000,'empl001',1,'admin','2020-08-25 00:00:00','emp001',1,NULL,NULL),('empl002','Ha Noi','admin','2020-08-25 00:00:00',NULL,'empl002@gmail.com','employee',1,'001','111123456780',100000,'empl002',1,'admin','2020-08-25 00:00:00','emp002',NULL,NULL,NULL),('empl003','Ha Noi','admin','2020-08-25 00:00:00',NULL,'empl003@gmail.com','employee',1,'001','111123456781',100000,'empl003',1,'admin','2020-08-25 00:00:00','emp003',NULL,NULL,NULL);
/*!40000 ALTER TABLE `employee` ENABLE KEYS */;
UNLOCK TABLES;

--
-- Table structure for table `message`
--

DROP TABLE IF EXISTS `message`;
/*!40101 SET @saved_cs_client     = @@character_set_client */;
/*!50503 SET character_set_client = utf8mb4 */;
CREATE TABLE `message` (
  `id` bigint NOT NULL AUTO_INCREMENT,
  `content` varchar(255) COLLATE utf8_unicode_ci DEFAULT NULL,
  `created_by` varchar(25) COLLATE utf8_unicode_ci NOT NULL,
  `created_date` datetime NOT NULL,
  `type` varchar(255) COLLATE utf8_unicode_ci DEFAULT NULL,
  `updated_by` varchar(25) COLLATE utf8_unicode_ci NOT NULL,
  `updated_date` datetime NOT NULL,
  `sender` varchar(25) COLLATE utf8_unicode_ci DEFAULT NULL,
  `receiver` varchar(25) COLLATE utf8_unicode_ci DEFAULT NULL,
  `room_id` bigint DEFAULT NULL,
  PRIMARY KEY (`id`),
  KEY `FKdlqg8r4b3jyum54fdie105g4j` (`sender`),
  KEY `FKb56fjfl6hh17td9wc721a0ye` (`receiver`),
  KEY `FKq97urb0l1mxmmjl54tmlya11f` (`room_id`),
  CONSTRAINT `FKb56fjfl6hh17td9wc721a0ye` FOREIGN KEY (`receiver`) REFERENCES `account` (`username`),
  CONSTRAINT `FKdlqg8r4b3jyum54fdie105g4j` FOREIGN KEY (`sender`) REFERENCES `account` (`username`),
  CONSTRAINT `FKq97urb0l1mxmmjl54tmlya11f` FOREIGN KEY (`room_id`) REFERENCES `chat_room` (`id`)
) ENGINE=InnoDB AUTO_INCREMENT=150 DEFAULT CHARSET=utf8 COLLATE=utf8_unicode_ci;
/*!40101 SET character_set_client = @saved_cs_client */;

--
-- Dumping data for table `message`
--

LOCK TABLES `message` WRITE;
/*!40000 ALTER TABLE `message` DISABLE KEYS */;
INSERT INTO `message` VALUES (1,'1','emp001','2020-08-27 00:49:38',NULL,'emp001','2020-08-27 00:49:38','emp001',NULL,NULL),(2,'2','emp001','2020-08-27 00:52:42',NULL,'emp001','2020-08-27 00:52:42','emp001',NULL,NULL),(3,'3','emp001','2020-08-27 00:53:10',NULL,'emp001','2020-08-27 00:53:10','emp001',NULL,NULL),(4,'4','emp001','2020-08-27 00:53:19',NULL,'emp001','2020-08-27 00:53:19','emp001',NULL,NULL),(5,'5','emp001','2020-08-27 01:15:42',NULL,'emp001','2020-08-27 01:15:42','emp001',NULL,NULL),(6,'6','emp001','2020-08-27 01:20:22',NULL,'emp001','2020-08-27 01:20:22','emp001',NULL,NULL),(7,'7','emp001','2020-08-27 01:24:39',NULL,'emp001','2020-08-27 01:24:39','emp001',NULL,NULL),(8,'8','emp001','2020-08-27 01:27:25',NULL,'emp001','2020-08-27 01:27:25','emp001',NULL,NULL),(9,'9','emp001','2020-08-27 01:27:31',NULL,'emp001','2020-08-27 01:27:31','emp001',NULL,NULL),(10,'10','emp001','2020-08-27 01:31:42',NULL,'emp001','2020-08-27 01:31:42','emp001',NULL,NULL),(11,'11','emp001','2020-08-27 01:33:40',NULL,'emp001','2020-08-27 01:33:40','emp001',NULL,NULL),(12,'12','emp001','2020-08-27 01:34:49',NULL,'emp001','2020-08-27 01:34:49','emp001',NULL,NULL),(13,'13','emp001','2020-08-27 01:35:56',NULL,'emp001','2020-08-27 01:35:56','emp001',NULL,NULL),(14,'14','emp001','2020-08-27 01:44:08',NULL,'emp001','2020-08-27 01:44:08','emp001',NULL,NULL),(15,'15','emp001','2020-08-27 01:47:35',NULL,'emp001','2020-08-27 01:47:35','emp001',NULL,NULL),(16,'16','emp001','2020-08-27 01:47:48',NULL,'emp001','2020-08-27 01:47:48','emp001',NULL,NULL),(17,'17','emp001','2020-08-27 01:49:34',NULL,'emp001','2020-08-27 01:49:34','emp001',NULL,NULL),(18,'18','emp001','2020-08-27 01:49:41',NULL,'emp001','2020-08-27 01:49:41','emp001',NULL,NULL),(19,'19','emp001','2020-08-27 01:49:45',NULL,'emp001','2020-08-27 01:49:45','emp001',NULL,NULL),(20,'20','emp001','2020-08-27 01:49:49',NULL,'emp001','2020-08-27 01:49:49','emp001',NULL,NULL),(21,'21','emp001','2020-08-27 01:49:59',NULL,'emp001','2020-08-27 01:49:59','emp001',NULL,NULL),(22,'22','emp001','2020-08-27 01:51:31',NULL,'emp001','2020-08-27 01:51:31','emp001',NULL,NULL),(23,'23','emp001','2020-08-27 01:51:51',NULL,'emp001','2020-08-27 01:51:51','emp001',NULL,NULL),(24,'24','emp001','2020-08-27 01:51:56',NULL,'emp001','2020-08-27 01:51:56','emp001',NULL,NULL),(25,'25','emp001','2020-08-27 10:18:02',NULL,'emp001','2020-08-27 10:18:02','emp001',NULL,NULL),(26,'123123','emp002','2020-08-27 14:31:21',NULL,'emp002','2020-08-27 14:31:21','emp002',NULL,NULL),(27,'asdasdasdasd','emp001','2020-08-27 16:37:20',NULL,'emp001','2020-08-27 16:37:20','emp001',NULL,NULL),(28,'dasdasdas','emp001','2020-08-27 16:38:32',NULL,'emp001','2020-08-27 16:38:32','emp001',NULL,NULL),(29,'a\na\nas\nA','emp001','2020-08-27 16:41:46',NULL,'emp001','2020-08-27 16:41:46','emp001',NULL,NULL),(30,'asdasdas|\nASD\nASD\nASD\nASDAS\nDAS\nDAS\nDAS\nDAS','emp001','2020-08-27 16:43:41',NULL,'emp001','2020-08-27 16:43:41','emp001',NULL,NULL),(31,'asdasd','emp001','2020-08-27 16:47:25',NULL,'emp001','2020-08-27 16:47:25','emp001',NULL,NULL),(32,'asdasdas','emp001','2020-08-27 16:47:42',NULL,'emp001','2020-08-27 16:47:42','emp001',NULL,NULL),(33,'asdasdasd\nasdasd','emp001','2020-08-27 16:48:44',NULL,'emp001','2020-08-27 16:48:44','emp001',NULL,NULL),(34,'sadsdasd','emp001','2020-08-27 16:48:53',NULL,'emp001','2020-08-27 16:48:53','emp001',NULL,NULL),(35,'asdas\nasdas','emp001','2020-08-27 16:54:49',NULL,'emp001','2020-08-27 16:54:49','emp001',NULL,NULL),(36,'asasd','emp001','2020-08-27 16:54:49',NULL,'emp001','2020-08-27 16:54:49','emp001',NULL,NULL),(37,'asdasd\nasdasd\nASDAS\nASD\nAS','emp001','2020-08-27 16:55:18',NULL,'emp001','2020-08-27 16:55:18','emp001',NULL,NULL),(38,'asdAS\n\nASDAS\n\nASD\n\nASD','emp001','2020-08-27 17:02:07',NULL,'emp001','2020-08-27 17:02:07','emp001',NULL,NULL),(39,'ASD\n\nasd\n\nasdsdasdasdasfasf\n\nsadasd\n\nsadasd\n\nsadsd','emp001','2020-08-27 17:02:31',NULL,'emp001','2020-08-27 17:02:31','emp001',NULL,NULL),(40,'asdsd','emp001','2020-08-27 17:02:36',NULL,'emp001','2020-08-27 17:02:36','emp001',NULL,NULL),(41,'asdasd\nasdasd\nasdas\nasdas','emp001','2020-08-27 17:04:39',NULL,'emp001','2020-08-27 17:04:39','emp001',NULL,NULL),(42,'asdasdas','emp001','2020-08-27 17:05:27',NULL,'emp001','2020-08-27 17:05:27','emp001',NULL,NULL),(43,'asdasd\nasdasd\nasdasd','emp001','2020-08-27 17:05:58',NULL,'emp001','2020-08-27 17:05:58','emp001',NULL,NULL),(44,'asdasddasfsfasf\nASFASF\nAFSAF\nASFA','emp001','2020-08-27 17:06:56',NULL,'emp001','2020-08-27 17:06:56','emp001',NULL,NULL),(45,'asdasdas\nasdasd','emp001','2020-08-27 17:08:41',NULL,'emp001','2020-08-27 17:08:41','emp001',NULL,NULL),(46,'asdas\nASDAS','emp001','2020-08-27 17:08:46',NULL,'emp001','2020-08-27 17:08:46','emp001',NULL,NULL),(47,'asdasdasd','emp001','2020-08-27 17:21:43',NULL,'emp001','2020-08-27 17:21:43','emp001',NULL,NULL),(48,'asdasd','emp001','2020-08-27 17:54:18',NULL,'emp001','2020-08-27 17:54:18','emp001',NULL,NULL),(49,'aadasd','emp002','2020-08-27 23:28:42',NULL,'emp002','2020-08-27 23:28:42','emp002',NULL,NULL),(50,'asdas','emp001','2020-08-27 23:30:49',NULL,'emp001','2020-08-27 23:30:49','emp001',NULL,NULL),(51,'asdas','emp002','2020-08-27 23:30:58',NULL,'emp002','2020-08-27 23:30:58','emp002',NULL,NULL),(52,'asdas','emp002','2020-08-27 23:31:06',NULL,'emp002','2020-08-27 23:31:06','emp002',NULL,NULL),(53,'asdas','emp002','2020-08-27 23:31:12',NULL,'emp002','2020-08-27 23:31:12','emp002',NULL,NULL),(57,'2','emp002','2020-08-27 23:31:32',NULL,'emp002','2020-08-27 23:31:32','emp002',NULL,NULL),(58,'2','emp002','2020-08-27 23:31:41',NULL,'emp002','2020-08-27 23:31:41','emp002',NULL,NULL),(60,'2','emp002','2020-08-28 00:14:19',NULL,'emp002','2020-08-28 00:14:19','emp002',NULL,NULL),(62,'1','emp001','2020-08-28 00:18:21',NULL,'emp001','2020-08-28 00:18:21','emp001',NULL,NULL),(63,'1','emp002','2020-08-28 00:22:29',NULL,'emp002','2020-08-28 00:22:29','emp002',NULL,NULL),(64,'1','emp002','2020-08-28 00:23:14',NULL,'emp002','2020-08-28 00:23:14','emp002',NULL,NULL),(66,'1','emp002','2020-08-28 00:53:16',NULL,'emp002','2020-08-28 00:53:16','emp002',NULL,NULL),(67,'121212','emp001','2020-08-28 02:06:27',NULL,'emp001','2020-08-28 02:06:27','emp001',NULL,NULL),(68,'1123123','emp001','2020-08-28 02:07:49',NULL,'emp001','2020-08-28 02:07:49','emp001',NULL,NULL),(69,'111111','emp001','2020-08-28 02:17:47',NULL,'emp001','2020-08-28 02:17:47','emp001',NULL,NULL),(70,'1','emp001','2020-08-28 02:22:25',NULL,'emp001','2020-08-28 02:22:25','emp001',NULL,NULL),(71,'11','emp001','2020-08-28 03:20:09',NULL,'emp001','2020-08-28 03:20:09','emp001',NULL,NULL),(73,'111','emp001','2020-08-28 03:24:29',NULL,'emp001','2020-08-28 03:24:29','emp001',NULL,NULL),(74,'1','emp001','2020-08-28 03:27:23',NULL,'emp001','2020-08-28 03:27:23','emp001',NULL,NULL),(75,'1','emp001','2020-08-28 03:29:37',NULL,'emp001','2020-08-28 03:29:37','emp001',NULL,NULL),(76,'1','emp001','2020-08-28 03:34:50',NULL,'emp001','2020-08-28 03:34:50','emp001',NULL,NULL),(78,'`','emp001','2020-08-28 03:40:47',NULL,'emp001','2020-08-28 03:40:47','emp001',NULL,NULL),(79,'1123123','emp001','2020-08-28 03:41:34',NULL,'emp001','2020-08-28 03:41:34','emp001',NULL,NULL),(80,'1','emp001','2020-08-28 03:43:00',NULL,'emp001','2020-08-28 03:43:00','emp001',NULL,NULL),(81,'sdasdas','emp001','2020-08-28 03:54:20',NULL,'emp001','2020-08-28 03:54:20','emp001',NULL,NULL),(83,'qwqweweqw','emp001','2020-08-28 04:03:23',NULL,'emp001','2020-08-28 04:03:23','emp001',NULL,NULL),(85,'1233123','emp001','2020-08-28 04:07:38',NULL,'emp001','2020-08-28 04:07:38','emp001',NULL,NULL),(86,'qeqwe','emp001','2020-08-28 04:11:42',NULL,'emp001','2020-08-28 04:11:42','emp001',NULL,NULL),(87,'123123123','emp001','2020-08-28 04:15:34',NULL,'emp001','2020-08-28 04:15:34','emp001',NULL,NULL),(88,'dasdas','emp001','2020-08-28 04:17:14',NULL,'emp001','2020-08-28 04:17:14','emp001',NULL,NULL),(89,'qeqwe','emp001','2020-08-28 04:24:32',NULL,'emp001','2020-08-28 04:24:32','emp001',NULL,NULL),(90,'qeqweqw','emp001','2020-08-28 04:25:56',NULL,'emp001','2020-08-28 04:25:56','emp001',NULL,NULL),(91,'hello','emp001','2020-08-28 10:01:56',NULL,'emp001','2020-08-28 10:01:56','emp001',NULL,NULL),(92,'sadasdas','emp001','2020-08-28 10:05:04',NULL,'emp001','2020-08-28 10:05:04','emp001',NULL,NULL),(93,'asdsad','emp001','2020-08-28 10:17:22',NULL,'emp001','2020-08-28 10:17:22','emp001',NULL,NULL),(94,'hrloo','emp001','2020-08-28 10:18:50',NULL,'emp001','2020-08-28 10:18:50','emp001',NULL,NULL),(95,'','emp001','2020-08-28 16:46:26',NULL,'emp001','2020-08-28 16:46:26','emp001',NULL,NULL),(96,'','emp001','2020-08-28 16:47:23',NULL,'emp001','2020-08-28 16:47:23','emp001',NULL,NULL),(97,'','emp001','2020-08-28 16:50:27',NULL,'emp001','2020-08-28 16:50:27','emp001',NULL,NULL),(98,'','emp001','2020-08-28 16:53:08',NULL,'emp001','2020-08-28 16:53:08','emp001',NULL,NULL),(99,'','emp001','2020-08-28 16:55:23',NULL,'emp001','2020-08-28 16:55:23','emp001',NULL,NULL),(100,'','emp001','2020-08-28 16:55:51',NULL,'emp001','2020-08-28 16:55:51','emp001',NULL,NULL),(104,'','emp001','2020-08-28 17:55:01',NULL,'emp001','2020-08-28 17:55:01','emp001',NULL,NULL),(105,'','emp001','2020-08-28 17:58:03',NULL,'emp001','2020-08-28 17:58:03','emp001',NULL,NULL),(137,'','emp001','2020-08-30 05:54:33',NULL,'emp001','2020-08-30 05:54:33','emp001',NULL,NULL),(138,'hello 2','emp001','2020-08-30 05:56:21',NULL,'emp001','2020-08-30 05:56:21','emp001',NULL,NULL),(139,'hello 1','emp002','2020-08-30 05:56:46',NULL,'emp002','2020-08-30 05:56:46','emp002',NULL,NULL),(141,'111','emp002','2020-08-30 05:56:58',NULL,'emp002','2020-08-30 05:56:58','emp002',NULL,NULL),(142,'asdasd','emp001','2020-08-30 05:58:54',NULL,'emp001','2020-08-30 05:58:54','emp001',NULL,NULL),(143,'asdasd','emp001','2020-08-30 05:58:57',NULL,'emp001','2020-08-30 05:58:57','emp001',NULL,NULL),(144,'asjhfaksfb','emp001','2020-08-30 18:36:58',NULL,'emp001','2020-08-30 18:36:58','emp001',NULL,NULL),(147,'hello','emp001','2020-09-02 23:12:52',NULL,'emp001','2020-09-02 23:12:52','emp001',NULL,NULL),(148,'asdasd','emp001','2020-09-08 21:25:52',NULL,'emp001','2020-09-08 21:25:52','emp001',NULL,NULL),(149,'','emp001','2020-09-08 21:26:01',NULL,'emp001','2020-09-08 21:26:01','emp001',NULL,NULL);
/*!40000 ALTER TABLE `message` ENABLE KEYS */;
UNLOCK TABLES;

--
-- Table structure for table `room_account`
--

DROP TABLE IF EXISTS `room_account`;
/*!40101 SET @saved_cs_client     = @@character_set_client */;
/*!50503 SET character_set_client = utf8mb4 */;
CREATE TABLE `room_account` (
  `room_id` bigint NOT NULL,
  `username` varchar(25) COLLATE utf8_unicode_ci NOT NULL,
  PRIMARY KEY (`room_id`,`username`),
  KEY `FKhru4ryt92f6s6wqerc9dgiudx` (`username`),
  CONSTRAINT `FKhru4ryt92f6s6wqerc9dgiudx` FOREIGN KEY (`username`) REFERENCES `account` (`username`),
  CONSTRAINT `FKqay0smheufihkylt6mgeg9dvy` FOREIGN KEY (`room_id`) REFERENCES `chat_room` (`id`)
) ENGINE=InnoDB DEFAULT CHARSET=utf8 COLLATE=utf8_unicode_ci;
/*!40101 SET character_set_client = @saved_cs_client */;

--
-- Dumping data for table `room_account`
--

LOCK TABLES `room_account` WRITE;
/*!40000 ALTER TABLE `room_account` DISABLE KEYS */;
/*!40000 ALTER TABLE `room_account` ENABLE KEYS */;
UNLOCK TABLES;

--
-- Dumping routines for database 'chat_application'
--
/*!40103 SET TIME_ZONE=@OLD_TIME_ZONE */;

/*!40101 SET SQL_MODE=@OLD_SQL_MODE */;
/*!40014 SET FOREIGN_KEY_CHECKS=@OLD_FOREIGN_KEY_CHECKS */;
/*!40014 SET UNIQUE_CHECKS=@OLD_UNIQUE_CHECKS */;
/*!40101 SET CHARACTER_SET_CLIENT=@OLD_CHARACTER_SET_CLIENT */;
/*!40101 SET CHARACTER_SET_RESULTS=@OLD_CHARACTER_SET_RESULTS */;
/*!40101 SET COLLATION_CONNECTION=@OLD_COLLATION_CONNECTION */;
/*!40111 SET SQL_NOTES=@OLD_SQL_NOTES */;

-- Dump completed on 2020-09-10 19:08:42
